sentence,word,label
Aaj ka din bohot busy tha,Aaj,URD
Aaj ka din bohot busy tha,ka,URD
Aaj ka din bohot busy tha,din,URD
Aaj ka din bohot busy tha,bohot,URD
Aaj ka din bohot busy tha,busy,ENG
Aaj ka din bohot busy tha,tha,URD
Yaar seriously I can not even right now,Yaar,URD
Yaar seriously I can not even right now,seriously,ENG
Yaar seriously I can not even right now,I,ENG
Yaar seriously I can not even right now,can,ENG
Yaar seriously I can not even right now,not,ENG
Yaar seriously I can not even right now,even,ENG
Yaar seriously I can not even right now,right,ENG
Yaar seriously I can not even right now,now,ENG
Bhai kal mera presentation hai still not prepared at all,Bhai,URD
Bhai kal mera presentation hai still not prepared at all,kal,URD
Bhai kal mera presentation hai still not prepared at all,mera,URD
Bhai kal mera presentation hai still not prepared at all,presentation,ENG
Bhai kal mera presentation hai still not prepared at all,hai,URD
Bhai kal mera presentation hai still not prepared at all,still,ENG
Bhai kal mera presentation hai still not prepared at all,not,ENG
Bhai kal mera presentation hai still not prepared at all,prepared,ENG
Bhai kal mera presentation hai still not prepared at all,at,ENG
Bhai kal mera presentation hai still not prepared at all,all,ENG
Khana kha liya I was literally waiting for you,Khana,URD
Khana kha liya I was literally waiting for you,kha,URD
Khana kha liya I was literally waiting for you,liya,URD
Khana kha liya I was literally waiting for you,I,ENG
Khana kha liya I was literally waiting for you,was,ENG
Khana kha liya I was literally waiting for you,literally,ENG
Khana kha liya I was literally waiting for you,waiting,ENG
Khana kha liya I was literally waiting for you,for,ENG
Khana kha liya I was literally waiting for you,you,ENG
Mujhe abhi ek meeting attend karni hai,Mujhe,URD
Mujhe abhi ek meeting attend karni hai,abhi,URD
Mujhe abhi ek meeting attend karni hai,ek,URD
Mujhe abhi ek meeting attend karni hai,meeting,ENG
Mujhe abhi ek meeting attend karni hai,attend,ENG
Mujhe abhi ek meeting attend karni hai,karni,URD
Mujhe abhi ek meeting attend karni hai,hai,URD
Yeh assignment submit karna bhool gaya tha,Yeh,URD
Yeh assignment submit karna bhool gaya tha,assignment,ENG
Yeh assignment submit karna bhool gaya tha,submit,ENG
Yeh assignment submit karna bhool gaya tha,karna,URD
Yeh assignment submit karna bhool gaya tha,bhool,URD
Yeh assignment submit karna bhool gaya tha,gaya,URD
Yeh assignment submit karna bhool gaya tha,tha,URD
Please jaldi reply kar do na,Please,MIX
Please jaldi reply kar do na,jaldi,URD
Please jaldi reply kar do na,reply,ENG
Please jaldi reply kar do na,kar,URD
Please jaldi reply kar do na,do,URD
Please jaldi reply kar do na,na,URD
Mera mood off hai aaj kal,Mera,URD
Mera mood off hai aaj kal,mood,URD
Mera mood off hai aaj kal,off,ENG
Mera mood off hai aaj kal,hai,URD
Mera mood off hai aaj kal,aaj,URD
Mera mood off hai aaj kal,kal,URD
Weekend pe koi plan hai kya,Weekend,ENG
Weekend pe koi plan hai kya,pe,URD
Weekend pe koi plan hai kya,koi,URD
Weekend pe koi plan hai kya,plan,ENG
Weekend pe koi plan hai kya,hai,URD
Weekend pe koi plan hai kya,kya,URD
Traffic itna zyada tha ke late ho gaya,Traffic,ENG
Traffic itna zyada tha ke late ho gaya,itna,URD
Traffic itna zyada tha ke late ho gaya,zyada,URD
Traffic itna zyada tha ke late ho gaya,tha,URD
Traffic itna zyada tha ke late ho gaya,ke,URD
Traffic itna zyada tha ke late ho gaya,late,ENG
Traffic itna zyada tha ke late ho gaya,ho,URD
Traffic itna zyada tha ke late ho gaya,gaya,URD
Exam ki tayari start kar do ab,Exam,ENG
Exam ki tayari start kar do ab,ki,URD
Exam ki tayari start kar do ab,tayari,URD
Exam ki tayari start kar do ab,start,ENG
Exam ki tayari start kar do ab,kar,URD
Exam ki tayari start kar do ab,do,URD
Exam ki tayari start kar do ab,ab,URD
Bilkul theek hai I will handle it,Bilkul,URD
Bilkul theek hai I will handle it,theek,URD
Bilkul theek hai I will handle it,hai,URD
Bilkul theek hai I will handle it,I,ENG
Bilkul theek hai I will handle it,will,ENG
Bilkul theek hai I will handle it,handle,ENG
Bilkul theek hai I will handle it,it,ENG
Kal office mein ek important call hai,Kal,URD
Kal office mein ek important call hai,office,ENG
Kal office mein ek important call hai,mein,URD
Kal office mein ek important call hai,ek,URD
Kal office mein ek important call hai,important,ENG
Kal office mein ek important call hai,call,ENG
Kal office mein ek important call hai,hai,URD
Mujhe iska koi idea nahi tha,Mujhe,URD
Mujhe iska koi idea nahi tha,iska,URD
Mujhe iska koi idea nahi tha,koi,URD
Mujhe iska koi idea nahi tha,idea,ENG
Mujhe iska koi idea nahi tha,nahi,URD
Mujhe iska koi idea nahi tha,tha,URD
Zara wait karo main aa raha hoon,Zara,URD
Zara wait karo main aa raha hoon,wait,ENG
Zara wait karo main aa raha hoon,karo,URD
Zara wait karo main aa raha hoon,main,URD
Zara wait karo main aa raha hoon,aa,URD
Zara wait karo main aa raha hoon,raha,URD
Zara wait karo main aa raha hoon,hoon,URD
Yeh project deadline bohot close hai,Yeh,URD
Yeh project deadline bohot close hai,project,ENG
Yeh project deadline bohot close hai,deadline,ENG
Yeh project deadline bohot close hai,bohot,URD
Yeh project deadline bohot close hai,close,ENG
Yeh project deadline bohot close hai,hai,URD
Mummy ne kaha ke ghar jaldi aao,Mummy,URD
Mummy ne kaha ke ghar jaldi aao,ne,URD
Mummy ne kaha ke ghar jaldi aao,kaha,URD
Mummy ne kaha ke ghar jaldi aao,ke,URD
Mummy ne kaha ke ghar jaldi aao,ghar,URD
Mummy ne kaha ke ghar jaldi aao,jaldi,URD
Mummy ne kaha ke ghar jaldi aao,aao,URD
Honestly mujhe iska matlab samajh nahi aya,Honestly,ENG
Honestly mujhe iska matlab samajh nahi aya,mujhe,URD
Honestly mujhe iska matlab samajh nahi aya,iska,URD
Honestly mujhe iska matlab samajh nahi aya,matlab,URD
Honestly mujhe iska matlab samajh nahi aya,samajh,URD
Honestly mujhe iska matlab samajh nahi aya,nahi,URD
Honestly mujhe iska matlab samajh nahi aya,aya,URD
Chalo chalte hain warna late ho jayenge,Chalo,URD
Chalo chalte hain warna late ho jayenge,chalte,URD
Chalo chalte hain warna late ho jayenge,hain,URD
Chalo chalte hain warna late ho jayenge,warna,URD
Chalo chalte hain warna late ho jayenge,late,ENG
Chalo chalte hain warna late ho jayenge,ho,URD
Chalo chalte hain warna late ho jayenge,jayenge,URD
Mera phone ki battery low ho gayi hai,Mera,URD
Mera phone ki battery low ho gayi hai,phone,ENG
Mera phone ki battery low ho gayi hai,ki,URD
Mera phone ki battery low ho gayi hai,battery,ENG
Mera phone ki battery low ho gayi hai,low,ENG
Mera phone ki battery low ho gayi hai,ho,URD
Mera phone ki battery low ho gayi hai,gayi,URD
Mera phone ki battery low ho gayi hai,hai,URD
Uski shaadi next month hai,Uski,URD
Uski shaadi next month hai,shaadi,URD
Uski shaadi next month hai,next,ENG
Uski shaadi next month hai,month,ENG
Uski shaadi next month hai,hai,URD
Is video ko like aur share zaroor karna,Is,URD
Is video ko like aur share zaroor karna,video,ENG
Is video ko like aur share zaroor karna,ko,URD
Is video ko like aur share zaroor karna,like,ENG
Is video ko like aur share zaroor karna,aur,URD
Is video ko like aur share zaroor karna,share,ENG
Is video ko like aur share zaroor karna,zaroor,URD
Is video ko like aur share zaroor karna,karna,URD
Bhookh lagi hai kuch order karte hain,Bhookh,URD
Bhookh lagi hai kuch order karte hain,lagi,URD
Bhookh lagi hai kuch order karte hain,hai,URD
Bhookh lagi hai kuch order karte hain,kuch,URD
Bhookh lagi hai kuch order karte hain,order,ENG
Bhookh lagi hai kuch order karte hain,karte,URD
Bhookh lagi hai kuch order karte hain,hain,URD
Mujhe wo movie bohot pasand ayi thi,Mujhe,URD
Mujhe wo movie bohot pasand ayi thi,wo,URD
Mujhe wo movie bohot pasand ayi thi,movie,ENG
Mujhe wo movie bohot pasand ayi thi,bohot,URD
Mujhe wo movie bohot pasand ayi thi,pasand,URD
Mujhe wo movie bohot pasand ayi thi,ayi,URD
Mujhe wo movie bohot pasand ayi thi,thi,URD
Class mein aaj attendance nahi hui,Class,ENG
Class mein aaj attendance nahi hui,mein,URD
Class mein aaj attendance nahi hui,aaj,URD
Class mein aaj attendance nahi hui,attendance,ENG
Class mein aaj attendance nahi hui,nahi,URD
Class mein aaj attendance nahi hui,hui,URD
Bas ek second ruko main check karta hoon,Bas,URD
Bas ek second ruko main check karta hoon,ek,URD
Bas ek second ruko main check karta hoon,second,ENG
Bas ek second ruko main check karta hoon,ruko,URD
Bas ek second ruko main check karta hoon,main,URD
Bas ek second ruko main check karta hoon,check,ENG
Bas ek second ruko main check karta hoon,karta,URD
Bas ek second ruko main check karta hoon,hoon,URD
Yeh internet connection bohot slow chal raha hai,Yeh,URD
Yeh internet connection bohot slow chal raha hai,internet,ENG
Yeh internet connection bohot slow chal raha hai,connection,ENG
Yeh internet connection bohot slow chal raha hai,bohot,URD
Yeh internet connection bohot slow chal raha hai,slow,ENG
Yeh internet connection bohot slow chal raha hai,chal,URD
Yeh internet connection bohot slow chal raha hai,raha,URD
Yeh internet connection bohot slow chal raha hai,hai,URD
Kaam se thak ke ghar aya hoon,Kaam,URD
Kaam se thak ke ghar aya hoon,se,URD
Kaam se thak ke ghar aya hoon,thak,URD
Kaam se thak ke ghar aya hoon,ke,URD
Kaam se thak ke ghar aya hoon,ghar,URD
Kaam se thak ke ghar aya hoon,aya,URD
Kaam se thak ke ghar aya hoon,hoon,URD
I think humein plan change karna chahiye,I,ENG
I think humein plan change karna chahiye,think,ENG
I think humein plan change karna chahiye,humein,URD
I think humein plan change karna chahiye,plan,ENG
I think humein plan change karna chahiye,change,ENG
I think humein plan change karna chahiye,karna,URD
I think humein plan change karna chahiye,chahiye,URD
Subah jaldi uthna bohot mushkil hai,Subah,URD
Subah jaldi uthna bohot mushkil hai,jaldi,URD
Subah jaldi uthna bohot mushkil hai,uthna,URD
Subah jaldi uthna bohot mushkil hai,bohot,URD
Subah jaldi uthna bohot mushkil hai,mushkil,URD
Subah jaldi uthna bohot mushkil hai,hai,URD
Mera laptop kharab ho gaya hai suddenly,Mera,URD
Mera laptop kharab ho gaya hai suddenly,laptop,ENG
Mera laptop kharab ho gaya hai suddenly,kharab,URD
Mera laptop kharab ho gaya hai suddenly,ho,URD
Mera laptop kharab ho gaya hai suddenly,gaya,URD
Mera laptop kharab ho gaya hai suddenly,hai,URD
Mera laptop kharab ho gaya hai suddenly,suddenly,ENG
Ammi ne biryani banai hai aaj,Ammi,URD
Ammi ne biryani banai hai aaj,ne,URD
Ammi ne biryani banai hai aaj,biryani,URD
Ammi ne biryani banai hai aaj,banai,URD
Ammi ne biryani banai hai aaj,hai,URD
Ammi ne biryani banai hai aaj,aaj,URD
Yaar tumhe pata hai kal weather kaisa hoga,Yaar,URD
Yaar tumhe pata hai kal weather kaisa hoga,tumhe,URD
Yaar tumhe pata hai kal weather kaisa hoga,pata,URD
Yaar tumhe pata hai kal weather kaisa hoga,hai,URD
Yaar tumhe pata hai kal weather kaisa hoga,kal,URD
Yaar tumhe pata hai kal weather kaisa hoga,weather,ENG
Yaar tumhe pata hai kal weather kaisa hoga,kaisa,URD
Yaar tumhe pata hai kal weather kaisa hoga,hoga,URD
Office ka kaam khatam nahi ho raha,Office,ENG
Office ka kaam khatam nahi ho raha,ka,URD
Office ka kaam khatam nahi ho raha,kaam,URD
Office ka kaam khatam nahi ho raha,khatam,URD
Office ka kaam khatam nahi ho raha,nahi,URD
Office ka kaam khatam nahi ho raha,ho,URD
Office ka kaam khatam nahi ho raha,raha,URD
Chai peene chalein warna neend a rahi hai,Chai,URD
Chai peene chalein warna neend a rahi hai,peene,URD
Chai peene chalein warna neend a rahi hai,chalein,URD
Chai peene chalein warna neend a rahi hai,warna,URD
Chai peene chalein warna neend a rahi hai,neend,URD
Chai peene chalein warna neend a rahi hai,a,URD
Chai peene chalein warna neend a rahi hai,rahi,URD
Chai peene chalein warna neend a rahi hai,hai,URD
Mujhe lagta hai ye decision wrong hai,Mujhe,URD
Mujhe lagta hai ye decision wrong hai,lagta,URD
Mujhe lagta hai ye decision wrong hai,hai,URD
Mujhe lagta hai ye decision wrong hai,ye,URD
Mujhe lagta hai ye decision wrong hai,decision,ENG
Mujhe lagta hai ye decision wrong hai,wrong,ENG
Mujhe lagta hai ye decision wrong hai,hai,URD
Kal se mera diet start ho raha hai,Kal,URD
Kal se mera diet start ho raha hai,se,URD
Kal se mera diet start ho raha hai,mera,URD
Kal se mera diet start ho raha hai,diet,ENG
Kal se mera diet start ho raha hai,start,URD
Kal se mera diet start ho raha hai,ho,URD
Kal se mera diet start ho raha hai,raha,URD
Kal se mera diet start ho raha hai,hai,URD
Group project ka kaam divide kar lete hain,Group,ENG
Group project ka kaam divide kar lete hain,project,ENG
Group project ka kaam divide kar lete hain,ka,URD
Group project ka kaam divide kar lete hain,kaam,URD
Group project ka kaam divide kar lete hain,divide,ENG
Group project ka kaam divide kar lete hain,kar,URD
Group project ka kaam divide kar lete hain,lete,URD
Group project ka kaam divide kar lete hain,hain,URD
Mera dil nahi kar raha kuch karne ka,Mera,URD
Mera dil nahi kar raha kuch karne ka,dil,URD
Mera dil nahi kar raha kuch karne ka,nahi,URD
Mera dil nahi kar raha kuch karne ka,kar,URD
Mera dil nahi kar raha kuch karne ka,raha,URD
Mera dil nahi kar raha kuch karne ka,kuch,URD
Mera dil nahi kar raha kuch karne ka,karne,URD
Mera dil nahi kar raha kuch karne ka,ka,URD
Abhi tak reply nahi aya unka,Abhi,URD
Abhi tak reply nahi aya unka,tak,URD
Abhi tak reply nahi aya unka,reply,ENG
Abhi tak reply nahi aya unka,nahi,URD
Abhi tak reply nahi aya unka,aya,URD
Abhi tak reply nahi aya unka,unka,URD
Bhai wo match kitna exciting tha,Bhai,URD
Bhai wo match kitna exciting tha,wo,URD
Bhai wo match kitna exciting tha,match,ENG
Bhai wo match kitna exciting tha,kitna,URD
Bhai wo match kitna exciting tha,exciting,ENG
Bhai wo match kitna exciting tha,tha,URD
Mujhe thora tension ho raha hai exam ka,Mujhe,URD
Mujhe thora tension ho raha hai exam ka,thora,URD
Mujhe thora tension ho raha hai exam ka,tension,ENG
Mujhe thora tension ho raha hai exam ka,ho,URD
Mujhe thora tension ho raha hai exam ka,raha,URD
Mujhe thora tension ho raha hai exam ka,hai,URD
Mujhe thora tension ho raha hai exam ka,exam,ENG
Mujhe thora tension ho raha hai exam ka,ka,URD
Chalo movie dekhne chalte hain tonight,Chalo,URD
Chalo movie dekhne chalte hain tonight,movie,ENG
Chalo movie dekhne chalte hain tonight,dekhne,URD
Chalo movie dekhne chalte hain tonight,chalte,URD
Chalo movie dekhne chalte hain tonight,hain,URD
Chalo movie dekhne chalte hain tonight,tonight,ENG
Yeh update install karne mein time lagega,Yeh,URD
Yeh update install karne mein time lagega,update,ENG
Yeh update install karne mein time lagega,install,URD
Yeh update install karne mein time lagega,karne,URD
Yeh update install karne mein time lagega,mein,URD
Yeh update install karne mein time lagega,time,ENG
Yeh update install karne mein time lagega,lagega,URD
Mummy papa aj shaam ko ayenge,Mummy,URD
Mummy papa aj shaam ko ayenge,papa,URD
Mummy papa aj shaam ko ayenge,aj,URD
Mummy papa aj shaam ko ayenge,shaam,URD
Mummy papa aj shaam ko ayenge,ko,URD
Mummy papa aj shaam ko ayenge,ayenge,URD
I am so tired yaar bilkul thak gaya,I,ENG
I am so tired yaar bilkul thak gaya,am,ENG
I am so tired yaar bilkul thak gaya,so,ENG
I am so tired yaar bilkul thak gaya,tired,ENG
I am so tired yaar bilkul thak gaya,yaar,URD
I am so tired yaar bilkul thak gaya,bilkul,URD
I am so tired yaar bilkul thak gaya,thak,URD
I am so tired yaar bilkul thak gaya,gaya,URD
Kal ka lecture bohot boring tha honestly,Kal,URD
Kal ka lecture bohot boring tha honestly,ka,URD
Kal ka lecture bohot boring tha honestly,lecture,ENG
Kal ka lecture bohot boring tha honestly,bohot,URD
Kal ka lecture bohot boring tha honestly,boring,ENG
Kal ka lecture bohot boring tha honestly,tha,URD
Kal ka lecture bohot boring tha honestly,honestly,MIX
Mujhe ye job offer accept karna chahiye ya nahi,Mujhe,URD
Mujhe ye job offer accept karna chahiye ya nahi,ye,URD
Mujhe ye job offer accept karna chahiye ya nahi,job,ENG
Mujhe ye job offer accept karna chahiye ya nahi,offer,ENG
Mujhe ye job offer accept karna chahiye ya nahi,accept,ENG
Mujhe ye job offer accept karna chahiye ya nahi,karna,URD
Mujhe ye job offer accept karna chahiye ya nahi,chahiye,URD
Mujhe ye job offer accept karna chahiye ya nahi,ya,URD
Mujhe ye job offer accept karna chahiye ya nahi,nahi,URD
Bhai signal nahi a raha phone pe,Bhai,URD
Bhai signal nahi a raha phone pe,signal,ENG
Bhai signal nahi a raha phone pe,nahi,URD
Bhai signal nahi a raha phone pe,a,URD
Bhai signal nahi a raha phone pe,raha,URD
Bhai signal nahi a raha phone pe,phone,ENG
Bhai signal nahi a raha phone pe,pe,URD
Ghar pohanchte hi message kar dena,Ghar,URD
Ghar pohanchte hi message kar dena,pohanchte,URD
Ghar pohanchte hi message kar dena,hi,URD
Ghar pohanchte hi message kar dena,message,ENG
Ghar pohanchte hi message kar dena,kar,URD
Ghar pohanchte hi message kar dena,dena,URD
Aj ka mausam bohot pleasant hai,Aj,URD
Aj ka mausam bohot pleasant hai,ka,URD
Aj ka mausam bohot pleasant hai,mausam,URD
Aj ka mausam bohot pleasant hai,bohot,URD
Aj ka mausam bohot pleasant hai,pleasant,ENG
Aj ka mausam bohot pleasant hai,hai,URD
Yaar mujhe koi motivation nahi mil raha,Yaar,URD
Yaar mujhe koi motivation nahi mil raha,mujhe,URD
Yaar mujhe koi motivation nahi mil raha,koi,URD
Yaar mujhe koi motivation nahi mil raha,motivation,ENG
Yaar mujhe koi motivation nahi mil raha,nahi,URD
Yaar mujhe koi motivation nahi mil raha,mil,URD
Yaar mujhe koi motivation nahi mil raha,raha,URD
Kal ki meeting postpone ho gayi hai,Kal,URD
Kal ki meeting postpone ho gayi hai,ki,URD
Kal ki meeting postpone ho gayi hai,meeting,ENG
Kal ki meeting postpone ho gayi hai,postpone,ENG
Kal ki meeting postpone ho gayi hai,ho,URD
Kal ki meeting postpone ho gayi hai,gayi,URD
Kal ki meeting postpone ho gayi hai,hai,URD
Mera result kal announce hoga,Mera,URD
Mera result kal announce hoga,result,URD
Mera result kal announce hoga,kal,URD
Mera result kal announce hoga,announce,ENG
Mera result kal announce hoga,hoga,URD
Bus miss ho gayi mujhse,Bus,ENG
Bus miss ho gayi mujhse,miss,ENG
Bus miss ho gayi mujhse,ho,URD
Bus miss ho gayi mujhse,gayi,URD
Bus miss ho gayi mujhse,mujhse,URD
Yeh coffee bohot strong bani hai,Yeh,URD
Yeh coffee bohot strong bani hai,coffee,ENG
Yeh coffee bohot strong bani hai,bohot,URD
Yeh coffee bohot strong bani hai,strong,ENG
Yeh coffee bohot strong bani hai,bani,URD
Yeh coffee bohot strong bani hai,hai,URD
Kya tum free ho abhi,Kya,URD
Kya tum free ho abhi,tum,URD
Kya tum free ho abhi,free,ENG
Kya tum free ho abhi,ho,URD
Kya tum free ho abhi,abhi,URD
Mujhe ye news sunke shock laga,Mujhe,URD
Mujhe ye news sunke shock laga,ye,URD
Mujhe ye news sunke shock laga,news,ENG
Mujhe ye news sunke shock laga,sunke,URD
Mujhe ye news sunke shock laga,shock,ENG
Mujhe ye news sunke shock laga,laga,URD
Sab kuch plan ke mutabiq ho raha hai,Sab,URD
Sab kuch plan ke mutabiq ho raha hai,kuch,URD
Sab kuch plan ke mutabiq ho raha hai,plan,ENG
Sab kuch plan ke mutabiq ho raha hai,ke,URD
Sab kuch plan ke mutabiq ho raha hai,mutabiq,URD
Sab kuch plan ke mutabiq ho raha hai,ho,URD
Sab kuch plan ke mutabiq ho raha hai,raha,URD
Sab kuch plan ke mutabiq ho raha hai,hai,URD
Weekend pe ghar clean karna hai poora,Weekend,ENG
Weekend pe ghar clean karna hai poora,pe,URD
Weekend pe ghar clean karna hai poora,ghar,URD
Weekend pe ghar clean karna hai poora,clean,ENG
Weekend pe ghar clean karna hai poora,karna,URD
Weekend pe ghar clean karna hai poora,hai,URD
Weekend pe ghar clean karna hai poora,poora,URD
Mera code compile nahi ho raha kal se,Mera,URD
Mera code compile nahi ho raha kal se,code,ENG
Mera code compile nahi ho raha kal se,compile,ENG
Mera code compile nahi ho raha kal se,nahi,URD
Mera code compile nahi ho raha kal se,ho,URD
Mera code compile nahi ho raha kal se,raha,URD
Mera code compile nahi ho raha kal se,kal,URD
Mera code compile nahi ho raha kal se,se,URD
Itni garmi hai bahar nikalne ka dil nahi karta,Itni,URD
Itni garmi hai bahar nikalne ka dil nahi karta,garmi,URD
Itni garmi hai bahar nikalne ka dil nahi karta,hai,URD
Itni garmi hai bahar nikalne ka dil nahi karta,bahar,URD
Itni garmi hai bahar nikalne ka dil nahi karta,nikalne,URD
Itni garmi hai bahar nikalne ka dil nahi karta,ka,URD
Itni garmi hai bahar nikalne ka dil nahi karta,dil,URD
Itni garmi hai bahar nikalne ka dil nahi karta,nahi,URD
Itni garmi hai bahar nikalne ka dil nahi karta,karta,URD
Bhai yeh app bohot slow chal rahi hai,Bhai,URD
Bhai yeh app bohot slow chal rahi hai,yeh,URD
Bhai yeh app bohot slow chal rahi hai,app,ENG
Bhai yeh app bohot slow chal rahi hai,bohot,URD
Bhai yeh app bohot slow chal rahi hai,slow,ENG
Bhai yeh app bohot slow chal rahi hai,chal,URD
Bhai yeh app bohot slow chal rahi hai,rahi,URD
Bhai yeh app bohot slow chal rahi hai,hai,URD
Mujhe office se late reply mila,Mujhe,URD
Mujhe office se late reply mila,office,ENG
Mujhe office se late reply mila,se,URD
Mujhe office se late reply mila,late,ENG
Mujhe office se late reply mila,reply,ENG
Mujhe office se late reply mila,mila,URD
Kal exam hai stress bohot ho raha hai,Kal,URD
Kal exam hai stress bohot ho raha hai,exam,ENG
Kal exam hai stress bohot ho raha hai,hai,URD
Kal exam hai stress bohot ho raha hai,stress,ENG
Kal exam hai stress bohot ho raha hai,bohot,URD
Kal exam hai stress bohot ho raha hai,ho,URD
Kal exam hai stress bohot ho raha hai,raha,URD
Kal exam hai stress bohot ho raha hai,hai,URD
Yaar mera wifi ka router hang ho gaya hai,Yaar,URD
Yaar mera wifi ka router hang ho gaya hai,mera,URD
Yaar mera wifi ka router hang ho gaya hai,wifi,ENG
Yaar mera wifi ka router hang ho gaya hai,ka,URD
Yaar mera wifi ka router hang ho gaya hai,router,ENG
Yaar mera wifi ka router hang ho gaya hai,hang,ENG
Yaar mera wifi ka router hang ho gaya hai,ho,URD
Yaar mera wifi ka router hang ho gaya hai,gaya,URD
Yaar mera wifi ka router hang ho gaya hai,hai,URD
Subah se sar dard ho raha hai bohot,Subah,URD
Subah se sar dard ho raha hai bohot,se,URD
Subah se sar dard ho raha hai bohot,sar,URD
Subah se sar dard ho raha hai bohot,dard,URD
Subah se sar dard ho raha hai bohot,ho,URD
Subah se sar dard ho raha hai bohot,raha,URD
Subah se sar dard ho raha hai bohot,hai,URD
Subah se sar dard ho raha hai bohot,bohot,URD
Mera flight cancel ho gayi thi last week,Mera,URD
Mera flight cancel ho gayi thi last week,flight,ENG
Mera flight cancel ho gayi thi last week,cancel,ENG
Mera flight cancel ho gayi thi last week,ho,URD
Mera flight cancel ho gayi thi last week,gayi,URD
Mera flight cancel ho gayi thi last week,thi,URD
Mera flight cancel ho gayi thi last week,last,ENG
Mera flight cancel ho gayi thi last week,week,ENG
Ammi ne bola ke jaldi so jao,Ammi,URD
Ammi ne bola ke jaldi so jao,ne,URD
Ammi ne bola ke jaldi so jao,bola,URD
Ammi ne bola ke jaldi so jao,ke,URD
Ammi ne bola ke jaldi so jao,jaldi,URD
Ammi ne bola ke jaldi so jao,so,URD
Ammi ne bola ke jaldi so jao,jao,URD
Yeh outfit kaisa lag raha hai mujhpe,Yeh,URD
Yeh outfit kaisa lag raha hai mujhpe,outfit,ENG
Yeh outfit kaisa lag raha hai mujhpe,kaisa,URD
Yeh outfit kaisa lag raha hai mujhpe,lag,URD
Yeh outfit kaisa lag raha hai mujhpe,raha,URD
Yeh outfit kaisa lag raha hai mujhpe,hai,URD
Yeh outfit kaisa lag raha hai mujhpe,mujhpe,URD
Mujhe apna schedule manage karna mushkil lag raha hai,Mujhe,URD
Mujhe apna schedule manage karna mushkil lag raha hai,apna,URD
Mujhe apna schedule manage karna mushkil lag raha hai,schedule,ENG
Mujhe apna schedule manage karna mushkil lag raha hai,manage,ENG
Mujhe apna schedule manage karna mushkil lag raha hai,karna,URD
Mujhe apna schedule manage karna mushkil lag raha hai,mushkil,URD
Mujhe apna schedule manage karna mushkil lag raha hai,lag,URD
Mujhe apna schedule manage karna mushkil lag raha hai,raha,URD
Mujhe apna schedule manage karna mushkil lag raha hai,hai,URD
Kal se gym start kar raha hoon finally,Kal,URD
Kal se gym start kar raha hoon finally,se,URD
Kal se gym start kar raha hoon finally,gym,ENG
Kal se gym start kar raha hoon finally,start,ENG
Kal se gym start kar raha hoon finally,kar,URD
Kal se gym start kar raha hoon finally,raha,URD
Kal se gym start kar raha hoon finally,hoon,URD
Kal se gym start kar raha hoon finally,finally,ENG
Yaar ye internship offer letter aya hai,Yaar,URD
Yaar ye internship offer letter aya hai,ye,URD
Yaar ye internship offer letter aya hai,internship,ENG
Yaar ye internship offer letter aya hai,offer,ENG
Yaar ye internship offer letter aya hai,letter,ENG
Yaar ye internship offer letter aya hai,aya,URD
Yaar ye internship offer letter aya hai,hai,URD
Mera mind kuch aur soch raha hai abhi,Mera,URD
Mera mind kuch aur soch raha hai abhi,mind,ENG
Mera mind kuch aur soch raha hai abhi,kuch,URD
Mera mind kuch aur soch raha hai abhi,aur,URD
Mera mind kuch aur soch raha hai abhi,soch,URD
Mera mind kuch aur soch raha hai abhi,raha,URD
Mera mind kuch aur soch raha hai abhi,hai,URD
Mera mind kuch aur soch raha hai abhi,abhi,URD
Rasta bohot jam tha isliye late ho gaya,Rasta,URD
Rasta bohot jam tha isliye late ho gaya,bohot,URD
Rasta bohot jam tha isliye late ho gaya,jam,URD
Rasta bohot jam tha isliye late ho gaya,tha,URD
Rasta bohot jam tha isliye late ho gaya,isliye,URD
Rasta bohot jam tha isliye late ho gaya,late,ENG
Rasta bohot jam tha isliye late ho gaya,ho,URD
Rasta bohot jam tha isliye late ho gaya,gaya,URD
Yeh recipe try karni hai weekend pe,Yeh,URD
Yeh recipe try karni hai weekend pe,recipe,ENG
Yeh recipe try karni hai weekend pe,try,ENG
Yeh recipe try karni hai weekend pe,karni,URD
Yeh recipe try karni hai weekend pe,hai,URD
Yeh recipe try karni hai weekend pe,weekend,ENG
Yeh recipe try karni hai weekend pe,pe,URD
Mera roommate bohot messy hai yaar,Mera,URD
Mera roommate bohot messy hai yaar,roommate,ENG
Mera roommate bohot messy hai yaar,bohot,URD
Mera roommate bohot messy hai yaar,messy,ENG
Mera roommate bohot messy hai yaar,hai,URD
Mera roommate bohot messy hai yaar,yaar,URD
Aj ka din kaafi productive raha honestly,Aj,URD
Aj ka din kaafi productive raha honestly,ka,URD
Aj ka din kaafi productive raha honestly,din,URD
Aj ka din kaafi productive raha honestly,kaafi,URD
Aj ka din kaafi productive raha honestly,productive,ENG
Aj ka din kaafi productive raha honestly,raha,URD
Aj ka din kaafi productive raha honestly,honestly,MIX
Mujhe iska solution samajh nahi araha,Mujhe,URD
Mujhe iska solution samajh nahi araha,iska,URD
Mujhe iska solution samajh nahi araha,solution,ENG
Mujhe iska solution samajh nahi araha,samajh,URD
Mujhe iska solution samajh nahi araha,nahi,URD
Mujhe iska solution samajh nahi araha,araha,URD
Kal ka paper kaisa gaya tumhara,Kal,URD
Kal ka paper kaisa gaya tumhara,ka,URD
Kal ka paper kaisa gaya tumhara,paper,ENG
Kal ka paper kaisa gaya tumhara,kaisa,URD
Kal ka paper kaisa gaya tumhara,gaya,URD
Kal ka paper kaisa gaya tumhara,tumhara,URD
Yaar wo restaurant ka khana bohot tasty tha,Yaar,URD
Yaar wo restaurant ka khana bohot tasty tha,wo,URD
Yaar wo restaurant ka khana bohot tasty tha,restaurant,ENG
Yaar wo restaurant ka khana bohot tasty tha,ka,URD
Yaar wo restaurant ka khana bohot tasty tha,khana,URD
Yaar wo restaurant ka khana bohot tasty tha,bohot,URD
Yaar wo restaurant ka khana bohot tasty tha,tasty,ENG
Yaar wo restaurant ka khana bohot tasty tha,tha,URD
Mera plan hai ke kal early sona hai,Mera,URD
Mera plan hai ke kal early sona hai,plan,ENG
Mera plan hai ke kal early sona hai,hai,URD
Mera plan hai ke kal early sona hai,ke,URD
Mera plan hai ke kal early sona hai,kal,URD
Mera plan hai ke kal early sona hai,early,ENG
Mera plan hai ke kal early sona hai,sona,URD
Mera plan hai ke kal early sona hai,hai,URD
Kya tumne homework complete kar liya,Kya,URD
Kya tumne homework complete kar liya,tumne,URD
Kya tumne homework complete kar liya,homework,ENG
Kya tumne homework complete kar liya,complete,ENG
Kya tumne homework complete kar liya,kar,URD
Kya tumne homework complete kar liya,liya,URD
Bhai mujhe ek favor chahiye tumse,Bhai,URD
Bhai mujhe ek favor chahiye tumse,mujhe,URD
Bhai mujhe ek favor chahiye tumse,ek,URD
Bhai mujhe ek favor chahiye tumse,favor,ENG
Bhai mujhe ek favor chahiye tumse,chahiye,URD
Bhai mujhe ek favor chahiye tumse,tumse,URD
Yeh dress mujhpe kaisi lagegi,Yeh,URD
Yeh dress mujhpe kaisi lagegi,dress,ENG
Yeh dress mujhpe kaisi lagegi,mujhpe,URD
Yeh dress mujhpe kaisi lagegi,kaisi,URD
Yeh dress mujhpe kaisi lagegi,lagegi,URD
Mujhe office jaate waqt traffic mil gaya,Mujhe,URD
Mujhe office jaate waqt traffic mil gaya,office,ENG
Mujhe office jaate waqt traffic mil gaya,jaate,URD
Mujhe office jaate waqt traffic mil gaya,waqt,URD
Mujhe office jaate waqt traffic mil gaya,traffic,ENG
Mujhe office jaate waqt traffic mil gaya,mil,URD
Mujhe office jaate waqt traffic mil gaya,gaya,URD
Kal ka function bohot achha raha,Kal,URD
Kal ka function bohot achha raha,ka,URD
Kal ka function bohot achha raha,function,ENG
Kal ka function bohot achha raha,bohot,URD
Kal ka function bohot achha raha,achha,URD
Kal ka function bohot achha raha,raha,URD
Mujhe abhi ek call receive karni hai,Mujhe,URD
Mujhe abhi ek call receive karni hai,abhi,URD
Mujhe abhi ek call receive karni hai,ek,URD
Mujhe abhi ek call receive karni hai,call,ENG
Mujhe abhi ek call receive karni hai,receive,ENG
Mujhe abhi ek call receive karni hai,karni,URD
Mujhe abhi ek call receive karni hai,hai,URD
Yaar ye deadline extend ho sakti hai kya,Yaar,URD
Yaar ye deadline extend ho sakti hai kya,ye,URD
Yaar ye deadline extend ho sakti hai kya,deadline,ENG
Yaar ye deadline extend ho sakti hai kya,extend,ENG
Yaar ye deadline extend ho sakti hai kya,ho,URD
Yaar ye deadline extend ho sakti hai kya,sakti,URD
Yaar ye deadline extend ho sakti hai kya,hai,URD
Yaar ye deadline extend ho sakti hai kya,kya,URD
Mera mood theek nahi hai please mujhe akela chorho,Mera,URD
Mera mood theek nahi hai please mujhe akela chorho,mood,URD
Mera mood theek nahi hai please mujhe akela chorho,theek,URD
Mera mood theek nahi hai please mujhe akela chorho,nahi,URD
Mera mood theek nahi hai please mujhe akela chorho,hai,URD
Mera mood theek nahi hai please mujhe akela chorho,please,ENG
Mera mood theek nahi hai please mujhe akela chorho,mujhe,URD
Mera mood theek nahi hai please mujhe akela chorho,akela,URD
Mera mood theek nahi hai please mujhe akela chorho,chorho,URD
Kal ki party mein kya pehnu main,Kal,URD
Kal ki party mein kya pehnu main,ki,URD
Kal ki party mein kya pehnu main,party,ENG
Kal ki party mein kya pehnu main,mein,URD
Kal ki party mein kya pehnu main,kya,URD
Kal ki party mein kya pehnu main,pehnu,URD
Kal ki party mein kya pehnu main,main,URD
Mujhe iska cost pata nahi,Mujhe,URD
Mujhe iska cost pata nahi,iska,URD
Mujhe iska cost pata nahi,cost,ENG
Mujhe iska cost pata nahi,pata,URD
Mujhe iska cost pata nahi,nahi,URD
Yaar internet bohot down chal raha hai poore din se,Yaar,URD
Yaar internet bohot down chal raha hai poore din se,internet,ENG
Yaar internet bohot down chal raha hai poore din se,bohot,URD
Yaar internet bohot down chal raha hai poore din se,down,ENG
Yaar internet bohot down chal raha hai poore din se,chal,URD
Yaar internet bohot down chal raha hai poore din se,raha,URD
Yaar internet bohot down chal raha hai poore din se,hai,URD
Yaar internet bohot down chal raha hai poore din se,poore,URD
Yaar internet bohot down chal raha hai poore din se,din,URD
Yaar internet bohot down chal raha hai poore din se,se,URD
Mera interview kal subah 10 baje hai,Mera,URD
Mera interview kal subah 10 baje hai,interview,ENG
Mera interview kal subah 10 baje hai,kal,URD
Mera interview kal subah 10 baje hai,subah,URD
Mera interview kal subah 10 baje hai,10,URD
Mera interview kal subah 10 baje hai,baje,URD
Mera interview kal subah 10 baje hai,hai,URD
Kal se mera schedule bohot tight hai,Kal,URD
Kal se mera schedule bohot tight hai,se,URD
Kal se mera schedule bohot tight hai,mera,URD
Kal se mera schedule bohot tight hai,schedule,ENG
Kal se mera schedule bohot tight hai,bohot,URD
Kal se mera schedule bohot tight hai,tight,ENG
Kal se mera schedule bohot tight hai,hai,URD
Yeh khabar sunke mujhe bohot khushi hui,Yeh,URD
Yeh khabar sunke mujhe bohot khushi hui,khabar,URD
Yeh khabar sunke mujhe bohot khushi hui,sunke,URD
Yeh khabar sunke mujhe bohot khushi hui,mujhe,URD
Yeh khabar sunke mujhe bohot khushi hui,bohot,URD
Yeh khabar sunke mujhe bohot khushi hui,khushi,URD
Yeh khabar sunke mujhe bohot khushi hui,hui,URD
Mujhe ye figure out karna hai kaise hoga ye,Mujhe,URD
Mujhe ye figure out karna hai kaise hoga ye,ye,URD
Mujhe ye figure out karna hai kaise hoga ye,figure,ENG
Mujhe ye figure out karna hai kaise hoga ye,out,ENG
Mujhe ye figure out karna hai kaise hoga ye,karna,URD
Mujhe ye figure out karna hai kaise hoga ye,hai,URD
Mujhe ye figure out karna hai kaise hoga ye,kaise,URD
Mujhe ye figure out karna hai kaise hoga ye,hoga,URD
Mujhe ye figure out karna hai kaise hoga ye,ye,URD
Kal wala plan cancel ho gaya hai,Kal,URD
Kal wala plan cancel ho gaya hai,wala,URD
Kal wala plan cancel ho gaya hai,plan,ENG
Kal wala plan cancel ho gaya hai,cancel,ENG
Kal wala plan cancel ho gaya hai,ho,URD
Kal wala plan cancel ho gaya hai,gaya,URD
Kal wala plan cancel ho gaya hai,hai,URD
Mera dost bohot supportive hai hamesha,Mera,URD
Mera dost bohot supportive hai hamesha,dost,URD
Mera dost bohot supportive hai hamesha,bohot,URD
Mera dost bohot supportive hai hamesha,supportive,ENG
Mera dost bohot supportive hai hamesha,hai,URD
Mera dost bohot supportive hai hamesha,hamesha,URD
Ye chai thandi ho gayi hai dobara garam karo,Ye,URD
Ye chai thandi ho gayi hai dobara garam karo,chai,URD
Ye chai thandi ho gayi hai dobara garam karo,thandi,URD
Ye chai thandi ho gayi hai dobara garam karo,ho,URD
Ye chai thandi ho gayi hai dobara garam karo,gayi,URD
Ye chai thandi ho gayi hai dobara garam karo,hai,URD
Ye chai thandi ho gayi hai dobara garam karo,dobara,URD
Ye chai thandi ho gayi hai dobara garam karo,garam,URD
Ye chai thandi ho gayi hai dobara garam karo,karo,URD
Kal ka exam postpone hone wala hai shayad,Kal,URD
Kal ka exam postpone hone wala hai shayad,ka,URD
Kal ka exam postpone hone wala hai shayad,exam,ENG
Kal ka exam postpone hone wala hai shayad,postpone,ENG
Kal ka exam postpone hone wala hai shayad,hone,URD
Kal ka exam postpone hone wala hai shayad,wala,URD
Kal ka exam postpone hone wala hai shayad,hai,URD
Kal ka exam postpone hone wala hai shayad,shayad,URD
Mujhe abhi thora rest chahiye honestly,Mujhe,URD
Mujhe abhi thora rest chahiye honestly,abhi,URD
Mujhe abhi thora rest chahiye honestly,thora,URD
Mujhe abhi thora rest chahiye honestly,rest,ENG
Mujhe abhi thora rest chahiye honestly,chahiye,URD
Mujhe abhi thora rest chahiye honestly,honestly,MIX
Yaar office mein network issue chal raha hai,Yaar,URD
Yaar office mein network issue chal raha hai,office,ENG
Yaar office mein network issue chal raha hai,mein,URD
Yaar office mein network issue chal raha hai,network,ENG
Yaar office mein network issue chal raha hai,issue,ENG
Yaar office mein network issue chal raha hai,chal,URD
Yaar office mein network issue chal raha hai,raha,URD
Yaar office mein network issue chal raha hai,hai,URD
Kal se mera weight loss journey start ho raha hai,Kal,URD
Kal se mera weight loss journey start ho raha hai,se,URD
Kal se mera weight loss journey start ho raha hai,mera,URD
Kal se mera weight loss journey start ho raha hai,weight,ENG
Kal se mera weight loss journey start ho raha hai,loss,ENG
Kal se mera weight loss journey start ho raha hai,journey,ENG
Kal se mera weight loss journey start ho raha hai,start,ENG
Kal se mera weight loss journey start ho raha hai,ho,URD
Kal se mera weight loss journey start ho raha hai,raha,URD
Kal se mera weight loss journey start ho raha hai,hai,URD
Mujhe abhi ye khareedna hai urgently,Mujhe,URD
Mujhe abhi ye khareedna hai urgently,abhi,URD
Mujhe abhi ye khareedna hai urgently,ye,URD
Mujhe abhi ye khareedna hai urgently,khareedna,URD
Mujhe abhi ye khareedna hai urgently,hai,URD
Mujhe abhi ye khareedna hai urgently,urgently,ENG
Kal ki flight kis time hai tumhari,Kal,URD
Kal ki flight kis time hai tumhari,ki,URD
Kal ki flight kis time hai tumhari,flight,ENG
Kal ki flight kis time hai tumhari,kis,URD
Kal ki flight kis time hai tumhari,time,ENG
Kal ki flight kis time hai tumhari,hai,URD
Kal ki flight kis time hai tumhari,tumhari,URD
Yaar assignment ka format samajh nahi aya mujhe,Yaar,URD
Yaar assignment ka format samajh nahi aya mujhe,assignment,ENG
Yaar assignment ka format samajh nahi aya mujhe,ka,URD
Yaar assignment ka format samajh nahi aya mujhe,format,ENG
Yaar assignment ka format samajh nahi aya mujhe,samajh,URD
Yaar assignment ka format samajh nahi aya mujhe,nahi,URD
Yaar assignment ka format samajh nahi aya mujhe,aya,URD
Yaar assignment ka format samajh nahi aya mujhe,mujhe,URD
Mera favorite song abhi bhi wahi hai,Mera,URD
Mera favorite song abhi bhi wahi hai,favorite,ENG
Mera favorite song abhi bhi wahi hai,song,ENG
Mera favorite song abhi bhi wahi hai,abhi,URD
Mera favorite song abhi bhi wahi hai,bhi,URD
Mera favorite song abhi bhi wahi hai,wahi,URD
Mera favorite song abhi bhi wahi hai,hai,URD
Kal raat mujhe neend nahi ayi bilkul,Kal,URD
Kal raat mujhe neend nahi ayi bilkul,raat,URD
Kal raat mujhe neend nahi ayi bilkul,mujhe,URD
Kal raat mujhe neend nahi ayi bilkul,neend,URD
Kal raat mujhe neend nahi ayi bilkul,nahi,URD
Kal raat mujhe neend nahi ayi bilkul,ayi,URD
Kal raat mujhe neend nahi ayi bilkul,bilkul,URD
Yeh printer kaam nahi kar raha phir se,Yeh,URD
Yeh printer kaam nahi kar raha phir se,printer,ENG
Yeh printer kaam nahi kar raha phir se,kaam,URD
Yeh printer kaam nahi kar raha phir se,nahi,URD
Yeh printer kaam nahi kar raha phir se,kar,URD
Yeh printer kaam nahi kar raha phir se,raha,URD
Yeh printer kaam nahi kar raha phir se,phir,URD
Yeh printer kaam nahi kar raha phir se,se,URD
Mujhe ye jaan kar khushi hui ke tum theek ho,Mujhe,URD
Mujhe ye jaan kar khushi hui ke tum theek ho,ye,URD
Mujhe ye jaan kar khushi hui ke tum theek ho,jaan,URD
Mujhe ye jaan kar khushi hui ke tum theek ho,kar,URD
Mujhe ye jaan kar khushi hui ke tum theek ho,khushi,URD
Mujhe ye jaan kar khushi hui ke tum theek ho,hui,URD
Mujhe ye jaan kar khushi hui ke tum theek ho,ke,URD
Mujhe ye jaan kar khushi hui ke tum theek ho,tum,URD
Mujhe ye jaan kar khushi hui ke tum theek ho,theek,URD
Mujhe ye jaan kar khushi hui ke tum theek ho,ho,URD
Kal wali meeting mein kya discuss hua,Kal,URD
Kal wali meeting mein kya discuss hua,wali,URD
Kal wali meeting mein kya discuss hua,meeting,ENG
Kal wali meeting mein kya discuss hua,mein,URD
Kal wali meeting mein kya discuss hua,kya,URD
Kal wali meeting mein kya discuss hua,discuss,ENG
Kal wali meeting mein kya discuss hua,hua,URD
Mera phone screen crack ho gaya hai,Mera,URD
Mera phone screen crack ho gaya hai,phone,ENG
Mera phone screen crack ho gaya hai,screen,ENG
Mera phone screen crack ho gaya hai,crack,ENG
Mera phone screen crack ho gaya hai,ho,URD
Mera phone screen crack ho gaya hai,gaya,URD
Mera phone screen crack ho gaya hai,hai,URD
Yeh season mein bohot rain ho rahi hai,Yeh,URD
Yeh season mein bohot rain ho rahi hai,season,ENG
Yeh season mein bohot rain ho rahi hai,mein,URD
Yeh season mein bohot rain ho rahi hai,bohot,URD
Yeh season mein bohot rain ho rahi hai,rain,ENG
Yeh season mein bohot rain ho rahi hai,ho,URD
Yeh season mein bohot rain ho rahi hai,rahi,URD
Yeh season mein bohot rain ho rahi hai,hai,URD
Mujhe abhi office se leave leni hai,Mujhe,URD
Mujhe abhi office se leave leni hai,abhi,URD
Mujhe abhi office se leave leni hai,office,ENG
Mujhe abhi office se leave leni hai,se,URD
Mujhe abhi office se leave leni hai,leave,ENG
Mujhe abhi office se leave leni hai,leni,URD
Mujhe abhi office se leave leni hai,hai,URD
Kal ka trip cancel ho gaya sad,Kal,URD
Kal ka trip cancel ho gaya sad,ka,URD
Kal ka trip cancel ho gaya sad,trip,ENG
Kal ka trip cancel ho gaya sad,cancel,ENG
Kal ka trip cancel ho gaya sad,ho,URD
Kal ka trip cancel ho gaya sad,gaya,URD
Kal ka trip cancel ho gaya sad,sad,ENG
Yaar mujhe kuch samajh nahi araha kya karun,Yaar,URD
Yaar mujhe kuch samajh nahi araha kya karun,mujhe,URD
Yaar mujhe kuch samajh nahi araha kya karun,kuch,URD
Yaar mujhe kuch samajh nahi araha kya karun,samajh,URD
Yaar mujhe kuch samajh nahi araha kya karun,nahi,URD
Yaar mujhe kuch samajh nahi araha kya karun,araha,URD
Yaar mujhe kuch samajh nahi araha kya karun,kya,URD
Yaar mujhe kuch samajh nahi araha kya karun,karun,URD
Mera pura din waste ho gaya aaj,Mera,URD
Mera pura din waste ho gaya aaj,pura,URD
Mera pura din waste ho gaya aaj,din,URD
Mera pura din waste ho gaya aaj,waste,ENG
Mera pura din waste ho gaya aaj,ho,URD
Mera pura din waste ho gaya aaj,gaya,URD
Mera pura din waste ho gaya aaj,aaj,URD
Kal se online classes start ho rahi hain,Kal,URD
Kal se online classes start ho rahi hain,se,URD
Kal se online classes start ho rahi hain,online,ENG
Kal se online classes start ho rahi hain,classes,ENG
Kal se online classes start ho rahi hain,start,ENG
Kal se online classes start ho rahi hain,ho,URD
Kal se online classes start ho rahi hain,rahi,URD
Kal se online classes start ho rahi hain,hain,URD
Yeh shirt size mein chhoti hai mere liye,Yeh,URD
Yeh shirt size mein chhoti hai mere liye,shirt,ENG
Yeh shirt size mein chhoti hai mere liye,size,ENG
Yeh shirt size mein chhoti hai mere liye,mein,ENG
Yeh shirt size mein chhoti hai mere liye,chhoti,URD
Yeh shirt size mein chhoti hai mere liye,hai,URD
Yeh shirt size mein chhoti hai mere liye,mere,URD
Yeh shirt size mein chhoti hai mere liye,liye,URD
Mujhe abhi ye clear karna hai apne dost se,Mujhe,URD
Mujhe abhi ye clear karna hai apne dost se,abhi,URD
Mujhe abhi ye clear karna hai apne dost se,ye,URD
Mujhe abhi ye clear karna hai apne dost se,clear,ENG
Mujhe abhi ye clear karna hai apne dost se,karna,URD
Mujhe abhi ye clear karna hai apne dost se,hai,URD
Mujhe abhi ye clear karna hai apne dost se,apne,URD
Mujhe abhi ye clear karna hai apne dost se,dost,URD
Mujhe abhi ye clear karna hai apne dost se,se,URD
Kal se raat ka khana bahar khaya karenge,Kal,URD
Kal se raat ka khana bahar khaya karenge,se,URD
Kal se raat ka khana bahar khaya karenge,raat,URD
Kal se raat ka khana bahar khaya karenge,ka,URD
Kal se raat ka khana bahar khaya karenge,khana,URD
Kal se raat ka khana bahar khaya karenge,bahar,URD
Kal se raat ka khana bahar khaya karenge,khaya,URD
Kal se raat ka khana bahar khaya karenge,karenge,URD
Yaar iski call abhi tak nahi ayi,Yaar,URD
Yaar iski call abhi tak nahi ayi,iski,URD
Yaar iski call abhi tak nahi ayi,call,ENG
Yaar iski call abhi tak nahi ayi,abhi,URD
Yaar iski call abhi tak nahi ayi,tak,URD
Yaar iski call abhi tak nahi ayi,nahi,URD
Yaar iski call abhi tak nahi ayi,ayi,URD
Mera bag ghar pe rah gaya subah,Mera,URD
Mera bag ghar pe rah gaya subah,bag,ENG
Mera bag ghar pe rah gaya subah,ghar,URD
Mera bag ghar pe rah gaya subah,pe,URD
Mera bag ghar pe rah gaya subah,rah,URD
Mera bag ghar pe rah gaya subah,gaya,URD
Mera bag ghar pe rah gaya subah,subah,URD
Kal ka homework bohot lamba tha yaar,Kal,URD
Kal ka homework bohot lamba tha yaar,ka,URD
Kal ka homework bohot lamba tha yaar,homework,ENG
Kal ka homework bohot lamba tha yaar,bohot,URD
Kal ka homework bohot lamba tha yaar,lamba,URD
Kal ka homework bohot lamba tha yaar,tha,URD
Kal ka homework bohot lamba tha yaar,yaar,URD
Mujhe abhi ye samajhna hai kaise kaam karta hai,Mujhe,URD
Mujhe abhi ye samajhna hai kaise kaam karta hai,abhi,URD
Mujhe abhi ye samajhna hai kaise kaam karta hai,ye,URD
Mujhe abhi ye samajhna hai kaise kaam karta hai,samajhna,URD
Mujhe abhi ye samajhna hai kaise kaam karta hai,hai,URD
Mujhe abhi ye samajhna hai kaise kaam karta hai,kaise,URD
Mujhe abhi ye samajhna hai kaise kaam karta hai,kaam,URD
Mujhe abhi ye samajhna hai kaise kaam karta hai,karta,URD
Mujhe abhi ye samajhna hai kaise kaam karta hai,hai,URD
Yeh order abhi tak deliver nahi hua,Yeh,URD
Yeh order abhi tak deliver nahi hua,order,ENG
Yeh order abhi tak deliver nahi hua,abhi,URD
Yeh order abhi tak deliver nahi hua,tak,URD
Yeh order abhi tak deliver nahi hua,deliver,ENG
Yeh order abhi tak deliver nahi hua,nahi,URD
Yeh order abhi tak deliver nahi hua,hua,URD
Mera pen kho gaya hai kahin,Mera,URD
Mera pen kho gaya hai kahin,pen,ENG
Mera pen kho gaya hai kahin,kho,URD
Mera pen kho gaya hai kahin,gaya,URD
Mera pen kho gaya hai kahin,hai,URD
Mera pen kho gaya hai kahin,kahin,URD
Kal se mera new semester start ho raha hai,Kal,URD
Kal se mera new semester start ho raha hai,se,URD
Kal se mera new semester start ho raha hai,mera,URD
Kal se mera new semester start ho raha hai,new,ENG
Kal se mera new semester start ho raha hai,semester,ENG
Kal se mera new semester start ho raha hai,start,ENG
Kal se mera new semester start ho raha hai,ho,URD
Kal se mera new semester start ho raha hai,raha,URD
Kal se mera new semester start ho raha hai,hai,URD
Yaar tumhara reply itni der se kyun aya,Yaar,URD
Yaar tumhara reply itni der se kyun aya,tumhara,URD
Yaar tumhara reply itni der se kyun aya,reply,ENG
Yaar tumhara reply itni der se kyun aya,itni,URD
Yaar tumhara reply itni der se kyun aya,der,URD
Yaar tumhara reply itni der se kyun aya,se,URD
Yaar tumhara reply itni der se kyun aya,kyun,URD
Yaar tumhara reply itni der se kyun aya,aya,URD
Mujhe abhi ye essay likhna hai final ke liye,Mujhe,URD
Mujhe abhi ye essay likhna hai final ke liye,abhi,URD
Mujhe abhi ye essay likhna hai final ke liye,ye,URD
Mujhe abhi ye essay likhna hai final ke liye,essay,ENG
Mujhe abhi ye essay likhna hai final ke liye,likhna,URD
Mujhe abhi ye essay likhna hai final ke liye,hai,URD
Mujhe abhi ye essay likhna hai final ke liye,final,ENG
Mujhe abhi ye essay likhna hai final ke liye,ke,URD
Mujhe abhi ye essay likhna hai final ke liye,liye,URD
Kal ka din bohot hectic tha yaar sach mein,Kal,URD
Kal ka din bohot hectic tha yaar sach mein,ka,URD
Kal ka din bohot hectic tha yaar sach mein,din,URD
Kal ka din bohot hectic tha yaar sach mein,bohot,URD
Kal ka din bohot hectic tha yaar sach mein,hectic,ENG
Kal ka din bohot hectic tha yaar sach mein,tha,URD
Kal ka din bohot hectic tha yaar sach mein,yaar,URD
Kal ka din bohot hectic tha yaar sach mein,sach,URD
Kal ka din bohot hectic tha yaar sach mein,mein,URD
Yeh design mujhe bohot pasand aya honestly,Yeh,URD
Yeh design mujhe bohot pasand aya honestly,design,ENG
Yeh design mujhe bohot pasand aya honestly,mujhe,URD
Yeh design mujhe bohot pasand aya honestly,bohot,URD
Yeh design mujhe bohot pasand aya honestly,pasand,URD
Yeh design mujhe bohot pasand aya honestly,aya,URD
Yeh design mujhe bohot pasand aya honestly,honestly,ENG
Mujhe abhi ye clarify karna hai apne boss se,Mujhe,URD
Mujhe abhi ye clarify karna hai apne boss se,abhi,URD
Mujhe abhi ye clarify karna hai apne boss se,ye,URD
Mujhe abhi ye clarify karna hai apne boss se,clarify,ENG
Mujhe abhi ye clarify karna hai apne boss se,karna,URD
Mujhe abhi ye clarify karna hai apne boss se,hai,URD
Mujhe abhi ye clarify karna hai apne boss se,apne,URD
Mujhe abhi ye clarify karna hai apne boss se,boss,ENG
Mujhe abhi ye clarify karna hai apne boss se,se,URD
Kal se mera diet plan start ho raha hai strictly,Kal,URD
Kal se mera diet plan start ho raha hai strictly,se,URD
Kal se mera diet plan start ho raha hai strictly,mera,URD
Kal se mera diet plan start ho raha hai strictly,diet,ENG
Kal se mera diet plan start ho raha hai strictly,plan,ENG
Kal se mera diet plan start ho raha hai strictly,start,ENG
Kal se mera diet plan start ho raha hai strictly,ho,URD
Kal se mera diet plan start ho raha hai strictly,raha,URD
Kal se mera diet plan start ho raha hai strictly,hai,URD
Kal se mera diet plan start ho raha hai strictly,strictly,ENG
Yaar mujhe office jaate hue bohot der ho gayi,Yaar,URD
Yaar mujhe office jaate hue bohot der ho gayi,mujhe,URD
Yaar mujhe office jaate hue bohot der ho gayi,office,ENG
Yaar mujhe office jaate hue bohot der ho gayi,jaate,URD
Yaar mujhe office jaate hue bohot der ho gayi,hue,URD
Yaar mujhe office jaate hue bohot der ho gayi,bohot,URD
Yaar mujhe office jaate hue bohot der ho gayi,der,URD
Yaar mujhe office jaate hue bohot der ho gayi,ho,URD
Yaar mujhe office jaate hue bohot der ho gayi,gayi,URD
Mera dimagh kaam nahi kar raha abhi,Mera,URD
Mera dimagh kaam nahi kar raha abhi,dimagh,URD
Mera dimagh kaam nahi kar raha abhi,kaam,URD
Mera dimagh kaam nahi kar raha abhi,nahi,URD
Mera dimagh kaam nahi kar raha abhi,kar,URD
Mera dimagh kaam nahi kar raha abhi,raha,URD
Mera dimagh kaam nahi kar raha abhi,abhi,URD
Kal ka result dekh kar mujhe shock laga,Kal,URD
Kal ka result dekh kar mujhe shock laga,ka,URD
Kal ka result dekh kar mujhe shock laga,result,ENG
Kal ka result dekh kar mujhe shock laga,dekh,URD
Kal ka result dekh kar mujhe shock laga,kar,URD
Kal ka result dekh kar mujhe shock laga,mujhe,URD
Kal ka result dekh kar mujhe shock laga,shock,ENG
Kal ka result dekh kar mujhe shock laga,laga,URD
Yeh bill abhi tak pay nahi hua,Yeh,URD
Yeh bill abhi tak pay nahi hua,bill,ENG
Yeh bill abhi tak pay nahi hua,abhi,URD
Yeh bill abhi tak pay nahi hua,tak,URD
Yeh bill abhi tak pay nahi hua,pay,ENG
Yeh bill abhi tak pay nahi hua,nahi,URD
Yeh bill abhi tak pay nahi hua,hua,URD
Mujhe abhi ye decide karna hai kis university mein jaun,Mujhe,URD
Mujhe abhi ye decide karna hai kis university mein jaun,abhi,URD
Mujhe abhi ye decide karna hai kis university mein jaun,ye,URD
Mujhe abhi ye decide karna hai kis university mein jaun,decide,ENG
Mujhe abhi ye decide karna hai kis university mein jaun,karna,URD
Mujhe abhi ye decide karna hai kis university mein jaun,hai,URD
Mujhe abhi ye decide karna hai kis university mein jaun,kis,URD
Mujhe abhi ye decide karna hai kis university mein jaun,university,ENG
Mujhe abhi ye decide karna hai kis university mein jaun,mein,URD
Mujhe abhi ye decide karna hai kis university mein jaun,jaun,URD
Kal se raat ko jaldi sona shuru karenge,Kal,URD
Kal se raat ko jaldi sona shuru karenge,se,URD
Kal se raat ko jaldi sona shuru karenge,raat,URD
Kal se raat ko jaldi sona shuru karenge,ko,URD
Kal se raat ko jaldi sona shuru karenge,jaldi,URD
Kal se raat ko jaldi sona shuru karenge,sona,URD
Kal se raat ko jaldi sona shuru karenge,shuru,URD
Kal se raat ko jaldi sona shuru karenge,karenge,URD
Yaar iska price bohot zyada hai market mein,Yaar,URD
Yaar iska price bohot zyada hai market mein,iska,URD
Yaar iska price bohot zyada hai market mein,price,ENG
Yaar iska price bohot zyada hai market mein,bohot,URD
Yaar iska price bohot zyada hai market mein,zyada,URD
Yaar iska price bohot zyada hai market mein,hai,URD
Yaar iska price bohot zyada hai market mein,market,ENG
Yaar iska price bohot zyada hai market mein,mein,URD
Mera roommate aj wapis a raha hai,Mera,URD
Mera roommate aj wapis a raha hai,roommate,ENG
Mera roommate aj wapis a raha hai,aj,URD
Mera roommate aj wapis a raha hai,wapis,URD
Mera roommate aj wapis a raha hai,a,URD
Mera roommate aj wapis a raha hai,raha,URD
Mera roommate aj wapis a raha hai,hai,URD
Kal ka lecture mujhe samajh hi nahi aya,Kal,URD
Kal ka lecture mujhe samajh hi nahi aya,ka,URD
Kal ka lecture mujhe samajh hi nahi aya,lecture,ENG
Kal ka lecture mujhe samajh hi nahi aya,mujhe,URD
Kal ka lecture mujhe samajh hi nahi aya,samajh,URD
Kal ka lecture mujhe samajh hi nahi aya,hi,URD
Kal ka lecture mujhe samajh hi nahi aya,nahi,URD
Kal ka lecture mujhe samajh hi nahi aya,aya,URD
Yeh event postpone ho gaya hai kal ke liye,Yeh,URD
Yeh event postpone ho gaya hai kal ke liye,event,ENG
Yeh event postpone ho gaya hai kal ke liye,postpone,ENG
Yeh event postpone ho gaya hai kal ke liye,ho,URD
Yeh event postpone ho gaya hai kal ke liye,gaya,URD
Yeh event postpone ho gaya hai kal ke liye,hai,URD
Yeh event postpone ho gaya hai kal ke liye,kal,URD
Yeh event postpone ho gaya hai kal ke liye,ke,URD
Yeh event postpone ho gaya hai kal ke liye,liye,URD
Mujhe abhi ye confirm karna hai apne dost se,Mujhe,URD
Mujhe abhi ye confirm karna hai apne dost se,abhi,URD
Mujhe abhi ye confirm karna hai apne dost se,ye,URD
Mujhe abhi ye confirm karna hai apne dost se,confirm,ENG
Mujhe abhi ye confirm karna hai apne dost se,karna,URD
Mujhe abhi ye confirm karna hai apne dost se,hai,URD
Mujhe abhi ye confirm karna hai apne dost se,apne,URD
Mujhe abhi ye confirm karna hai apne dost se,dost,URD
Mujhe abhi ye confirm karna hai apne dost se,se,URD
Kal se office ka time change ho gaya hai,Kal,URD
Kal se office ka time change ho gaya hai,se,URD
Kal se office ka time change ho gaya hai,office,ENG
Kal se office ka time change ho gaya hai,ka,URD
Kal se office ka time change ho gaya hai,time,ENG
Kal se office ka time change ho gaya hai,change,ENG
Kal se office ka time change ho gaya hai,ho,URD
Kal se office ka time change ho gaya hai,gaya,URD
Kal se office ka time change ho gaya hai,hai,URD
Yaar mujhe ye samajh nahi araha kis se pochun,Yaar,URD
Yaar mujhe ye samajh nahi araha kis se pochun,mujhe,URD
Yaar mujhe ye samajh nahi araha kis se pochun,ye,URD
Yaar mujhe ye samajh nahi araha kis se pochun,samajh,URD
Yaar mujhe ye samajh nahi araha kis se pochun,nahi,URD
Yaar mujhe ye samajh nahi araha kis se pochun,araha,URD
Yaar mujhe ye samajh nahi araha kis se pochun,kis,URD
Yaar mujhe ye samajh nahi araha kis se pochun,se,URD
Yaar mujhe ye samajh nahi araha kis se pochun,pochun,URD
Mera data package khatam ho gaya hai,Mera,URD
Mera data package khatam ho gaya hai,data,ENG
Mera data package khatam ho gaya hai,package,ENG
Mera data package khatam ho gaya hai,khatam,URD
Mera data package khatam ho gaya hai,ho,URD
Mera data package khatam ho gaya hai,gaya,URD
Mera data package khatam ho gaya hai,hai,URD
Kal ka trip bohot fun tha honestly yaar,Kal,URD
Kal ka trip bohot fun tha honestly yaar,ka,URD
Kal ka trip bohot fun tha honestly yaar,trip,ENG
Kal ka trip bohot fun tha honestly yaar,bohot,URD
Kal ka trip bohot fun tha honestly yaar,fun,ENG
Kal ka trip bohot fun tha honestly yaar,tha,URD
Kal ka trip bohot fun tha honestly yaar,honestly,ENG
Kal ka trip bohot fun tha honestly yaar,yaar,URD
Yeh news dekh kar mujhe yaqeen nahi hua,Yeh,URD
Yeh news dekh kar mujhe yaqeen nahi hua,news,ENG
Yeh news dekh kar mujhe yaqeen nahi hua,dekh,URD
Yeh news dekh kar mujhe yaqeen nahi hua,kar,URD
Yeh news dekh kar mujhe yaqeen nahi hua,mujhe,URD
Yeh news dekh kar mujhe yaqeen nahi hua,yaqeen,URD
Yeh news dekh kar mujhe yaqeen nahi hua,nahi,URD
Yeh news dekh kar mujhe yaqeen nahi hua,hua,URD
Mujhe abhi ye submit karna hai deadline se pehle,Mujhe,URD
Mujhe abhi ye submit karna hai deadline se pehle,abhi,URD
Mujhe abhi ye submit karna hai deadline se pehle,ye,URD
Mujhe abhi ye submit karna hai deadline se pehle,submit,ENG
Mujhe abhi ye submit karna hai deadline se pehle,karna,URD
Mujhe abhi ye submit karna hai deadline se pehle,hai,URD
Mujhe abhi ye submit karna hai deadline se pehle,deadline,ENG
Mujhe abhi ye submit karna hai deadline se pehle,se,URD
Mujhe abhi ye submit karna hai deadline se pehle,pehle,URD
Kal se mera routine bohot disturb ho gaya hai,Kal,URD
Kal se mera routine bohot disturb ho gaya hai,se,URD
Kal se mera routine bohot disturb ho gaya hai,mera,URD
Kal se mera routine bohot disturb ho gaya hai,routine,ENG
Kal se mera routine bohot disturb ho gaya hai,bohot,URD
Kal se mera routine bohot disturb ho gaya hai,disturb,ENG
Kal se mera routine bohot disturb ho gaya hai,ho,URD
Kal se mera routine bohot disturb ho gaya hai,gaya,URD
Kal se mera routine bohot disturb ho gaya hai,hai,URD
Yaar iska number mujhe nahi mil raha,Yaar,URD
Yaar iska number mujhe nahi mil raha,iska,URD
Yaar iska number mujhe nahi mil raha,number,ENG
Yaar iska number mujhe nahi mil raha,mujhe,URD
Yaar iska number mujhe nahi mil raha,nahi,URD
Yaar iska number mujhe nahi mil raha,mil,URD
Yaar iska number mujhe nahi mil raha,raha,URD
Mera charger kahin gum ho gaya hai,Mera,URD
Mera charger kahin gum ho gaya hai,charger,ENG
Mera charger kahin gum ho gaya hai,kahin,URD
Mera charger kahin gum ho gaya hai,gum,URD
Mera charger kahin gum ho gaya hai,ho,URD
Mera charger kahin gum ho gaya hai,gaya,URD
Mera charger kahin gum ho gaya hai,hai,URD
Kal ka session bohot informative tha sach mein,Kal,URD
Kal ka session bohot informative tha sach mein,ka,URD
Kal ka session bohot informative tha sach mein,session,ENG
Kal ka session bohot informative tha sach mein,bohot,URD
Kal ka session bohot informative tha sach mein,informative,ENG
Kal ka session bohot informative tha sach mein,tha,URD
Kal ka session bohot informative tha sach mein,sach,URD
Kal ka session bohot informative tha sach mein,mein,URD
Yeh update abhi tak nahi aya phone mein,Yeh,URD
Yeh update abhi tak nahi aya phone mein,update,ENG
Yeh update abhi tak nahi aya phone mein,abhi,URD
Yeh update abhi tak nahi aya phone mein,tak,URD
Yeh update abhi tak nahi aya phone mein,nahi,URD
Yeh update abhi tak nahi aya phone mein,aya,URD
Yeh update abhi tak nahi aya phone mein,phone,ENG
Yeh update abhi tak nahi aya phone mein,mein,URD
Mujhe abhi ye request karna hai apne teacher se,Mujhe,URD
Mujhe abhi ye request karna hai apne teacher se,abhi,URD
Mujhe abhi ye request karna hai apne teacher se,ye,URD
Mujhe abhi ye request karna hai apne teacher se,request,ENG
Mujhe abhi ye request karna hai apne teacher se,karna,URD
Mujhe abhi ye request karna hai apne teacher se,hai,URD
Mujhe abhi ye request karna hai apne teacher se,apne,URD
Mujhe abhi ye request karna hai apne teacher se,teacher,ENG
Mujhe abhi ye request karna hai apne teacher se,se,URD
Kal se mera health thora improve ho raha hai,Kal,URD
Kal se mera health thora improve ho raha hai,se,URD
Kal se mera health thora improve ho raha hai,mera,URD
Kal se mera health thora improve ho raha hai,health,ENG
Kal se mera health thora improve ho raha hai,thora,URD
Kal se mera health thora improve ho raha hai,improve,ENG
Kal se mera health thora improve ho raha hai,ho,URD
Kal se mera health thora improve ho raha hai,raha,URD
Kal se mera health thora improve ho raha hai,hai,URD
Yaar iska bill kitna aya hai is dafa,Yaar,URD
Yaar iska bill kitna aya hai is dafa,iska,URD
Yaar iska bill kitna aya hai is dafa,bill,ENG
Yaar iska bill kitna aya hai is dafa,kitna,URD
Yaar iska bill kitna aya hai is dafa,aya,URD
Yaar iska bill kitna aya hai is dafa,hai,URD
Yaar iska bill kitna aya hai is dafa,is,URD
Yaar iska bill kitna aya hai is dafa,dafa,URD
Mera wallet ghar pe hi reh gaya,Mera,URD
Mera wallet ghar pe hi reh gaya,wallet,ENG
Mera wallet ghar pe hi reh gaya,ghar,URD
Mera wallet ghar pe hi reh gaya,pe,URD
Mera wallet ghar pe hi reh gaya,hi,URD
Mera wallet ghar pe hi reh gaya,reh,URD
Mera wallet ghar pe hi reh gaya,gaya,URD
Kal ka discussion bohot useful tha group mein,Kal,URD
Kal ka discussion bohot useful tha group mein,ka,URD
Kal ka discussion bohot useful tha group mein,discussion,ENG
Kal ka discussion bohot useful tha group mein,bohot,URD
Kal ka discussion bohot useful tha group mein,useful,ENG
Kal ka discussion bohot useful tha group mein,tha,URD
Kal ka discussion bohot useful tha group mein,group,ENG
Kal ka discussion bohot useful tha group mein,mein,URD
Yeh photo bohot achi ayi hai tumhari,Yeh,URD
Yeh photo bohot achi ayi hai tumhari,photo,ENG
Yeh photo bohot achi ayi hai tumhari,bohot,URD
Yeh photo bohot achi ayi hai tumhari,achi,URD
Yeh photo bohot achi ayi hai tumhari,ayi,URD
Yeh photo bohot achi ayi hai tumhari,hai,URD
Yeh photo bohot achi ayi hai tumhari,tumhari,URD
Mujhe abhi ye explain karna hai sabko,Mujhe,URD
Mujhe abhi ye explain karna hai sabko,abhi,URD
Mujhe abhi ye explain karna hai sabko,ye,URD
Mujhe abhi ye explain karna hai sabko,explain,ENG
Mujhe abhi ye explain karna hai sabko,karna,URD
Mujhe abhi ye explain karna hai sabko,hai,URD
Mujhe abhi ye explain karna hai sabko,sabko,URD
Kal se mera focus bohot better ho gaya hai,Kal,URD
Kal se mera focus bohot better ho gaya hai,se,URD
Kal se mera focus bohot better ho gaya hai,mera,URD
Kal se mera focus bohot better ho gaya hai,focus,ENG
Kal se mera focus bohot better ho gaya hai,bohot,URD
Kal se mera focus bohot better ho gaya hai,better,ENG
Kal se mera focus bohot better ho gaya hai,ho,URD
Kal se mera focus bohot better ho gaya hai,gaya,URD
Kal se mera focus bohot better ho gaya hai,hai,URD
Yaar mujhe ye samajh nahi araha kya karun,Yaar,URD
Yaar mujhe ye samajh nahi araha kya karun,mujhe,URD
Yaar mujhe ye samajh nahi araha kya karun,ye,URD
Yaar mujhe ye samajh nahi araha kya karun,samajh,URD
Yaar mujhe ye samajh nahi araha kya karun,nahi,URD
Yaar mujhe ye samajh nahi araha kya karun,araha,URD
Yaar mujhe ye samajh nahi araha kya karun,kya,URD
Yaar mujhe ye samajh nahi araha kya karun,karun,URD
Mera bag ghar pe rah gaya subah,Mera,URD
Mera bag ghar pe rah gaya subah,bag,ENG
Mera bag ghar pe rah gaya subah,ghar,URD
Mera bag ghar pe rah gaya subah,pe,URD
Mera bag ghar pe rah gaya subah,rah,URD
Mera bag ghar pe rah gaya subah,gaya,URD
Mera bag ghar pe rah gaya subah,subah,URD
Kal ka homework bohot lamba tha yaar,Kal,URD
Kal ka homework bohot lamba tha yaar,ka,URD
Kal ka homework bohot lamba tha yaar,homework,ENG
Kal ka homework bohot lamba tha yaar,bohot,URD
Kal ka homework bohot lamba tha yaar,lamba,URD
Kal ka homework bohot lamba tha yaar,tha,URD
Kal ka homework bohot lamba tha yaar,yaar,URD
Mujhe abhi ye explain karna hai sabko,Mujhe,URD
Mujhe abhi ye explain karna hai sabko,abhi,URD
Mujhe abhi ye explain karna hai sabko,ye,URD
Mujhe abhi ye explain karna hai sabko,explain,ENG
Mujhe abhi ye explain karna hai sabko,karna,URD
Mujhe abhi ye explain karna hai sabko,hai,URD
Mujhe abhi ye explain karna hai sabko,sabko,URD
Kal se mera focus bohot better ho gaya hai,Kal,URD
Kal se mera focus bohot better ho gaya hai,se,URD
Kal se mera focus bohot better ho gaya hai,mera,URD
Kal se mera focus bohot better ho gaya hai,focus,ENG
Kal se mera focus bohot better ho gaya hai,bohot,URD
Kal se mera focus bohot better ho gaya hai,better,ENG
Kal se mera focus bohot better ho gaya hai,ho,URD
Kal se mera focus bohot better ho gaya hai,gaya,URD
Kal se mera focus bohot better ho gaya hai,hai,URD
"Aaj ka din bohot busy tha, had 3 meetings back to back",Aaj,URD
"Aaj ka din bohot busy tha, had 3 meetings back to back",ka,URD
"Aaj ka din bohot busy tha, had 3 meetings back to back",din,URD
"Aaj ka din bohot busy tha, had 3 meetings back to back",bohot,URD
"Aaj ka din bohot busy tha, had 3 meetings back to back",busy,ENG
"Aaj ka din bohot busy tha, had 3 meetings back to back","tha,",URD
"Aaj ka din bohot busy tha, had 3 meetings back to back",had,ENG
"Aaj ka din bohot busy tha, had 3 meetings back to back",3,ENG
"Aaj ka din bohot busy tha, had 3 meetings back to back",meetings,ENG
"Aaj ka din bohot busy tha, had 3 meetings back to back",back,ENG
"Aaj ka din bohot busy tha, had 3 meetings back to back",to,ENG
"Aaj ka din bohot busy tha, had 3 meetings back to back",back,ENG
"Yaar seriously I can not even right now, bohot thak gaya hoon",Yaar,URD
"Yaar seriously I can not even right now, bohot thak gaya hoon",seriously,ENG
"Yaar seriously I can not even right now, bohot thak gaya hoon",I,ENG
"Yaar seriously I can not even right now, bohot thak gaya hoon",can,ENG
"Yaar seriously I can not even right now, bohot thak gaya hoon",not,ENG
"Yaar seriously I can not even right now, bohot thak gaya hoon",even,ENG
"Yaar seriously I can not even right now, bohot thak gaya hoon",right,ENG
"Yaar seriously I can not even right now, bohot thak gaya hoon","now,",ENG
"Yaar seriously I can not even right now, bohot thak gaya hoon",bohot,URD
"Yaar seriously I can not even right now, bohot thak gaya hoon",thak,URD
"Yaar seriously I can not even right now, bohot thak gaya hoon",gaya,URD
"Yaar seriously I can not even right now, bohot thak gaya hoon",hoon,URD
"Bhai kal mera presentation hai, still not prepared at all",Bhai,URD
"Bhai kal mera presentation hai, still not prepared at all",kal,URD
"Bhai kal mera presentation hai, still not prepared at all",mera,URD
"Bhai kal mera presentation hai, still not prepared at all",presentation,ENG
"Bhai kal mera presentation hai, still not prepared at all","hai,",URD
"Bhai kal mera presentation hai, still not prepared at all",still,ENG
"Bhai kal mera presentation hai, still not prepared at all",not,ENG
"Bhai kal mera presentation hai, still not prepared at all",prepared,ENG
"Bhai kal mera presentation hai, still not prepared at all",at,ENG
"Bhai kal mera presentation hai, still not prepared at all",all,ENG
Khana kha liya? I was literally waiting for you,Khana,URD
Khana kha liya? I was literally waiting for you,kha,URD
Khana kha liya? I was literally waiting for you,liya?,URD
Khana kha liya? I was literally waiting for you,I,ENG
Khana kha liya? I was literally waiting for you,was,ENG
Khana kha liya? I was literally waiting for you,literally,ENG
Khana kha liya? I was literally waiting for you,waiting,ENG
Khana kha liya? I was literally waiting for you,for,ENG
Khana kha liya? I was literally waiting for you,you,ENG
Mera internet connection bohot slow chal raha hai aaj,Mera,URD
Mera internet connection bohot slow chal raha hai aaj,internet,ENG
Mera internet connection bohot slow chal raha hai aaj,connection,ENG
Mera internet connection bohot slow chal raha hai aaj,bohot,URD
Mera internet connection bohot slow chal raha hai aaj,slow,ENG
Mera internet connection bohot slow chal raha hai aaj,chal,URD
Mera internet connection bohot slow chal raha hai aaj,raha,URD
Mera internet connection bohot slow chal raha hai aaj,hai,URD
Mera internet connection bohot slow chal raha hai aaj,aaj,URD
Bhai please iss request ko accept karlo jaldi,Bhai,URD
Bhai please iss request ko accept karlo jaldi,please,ENG
Bhai please iss request ko accept karlo jaldi,iss,URD
Bhai please iss request ko accept karlo jaldi,request,ENG
Bhai please iss request ko accept karlo jaldi,ko,URD
Bhai please iss request ko accept karlo jaldi,accept,ENG
Bhai please iss request ko accept karlo jaldi,karlo,URD
Bhai please iss request ko accept karlo jaldi,jaldi,URD
Ye assignment submission deadline kya hai?,Ye,URD
Ye assignment submission deadline kya hai?,assignment,ENG
Ye assignment submission deadline kya hai?,submission,ENG
Ye assignment submission deadline kya hai?,deadline,ENG
Ye assignment submission deadline kya hai?,kya,URD
Ye assignment submission deadline kya hai?,hai?,URD
Mera laptop screen suddenly freeze ho gaya tha,Mera,URD
Mera laptop screen suddenly freeze ho gaya tha,laptop,ENG
Mera laptop screen suddenly freeze ho gaya tha,screen,ENG
Mera laptop screen suddenly freeze ho gaya tha,suddenly,ENG
Mera laptop screen suddenly freeze ho gaya tha,freeze,ENG
Mera laptop screen suddenly freeze ho gaya tha,ho,URD
Mera laptop screen suddenly freeze ho gaya tha,gaya,URD
Mera laptop screen suddenly freeze ho gaya tha,tha,URD
Itna heavy traffic tha ke main late ho gaya,Itna,URD
Itna heavy traffic tha ke main late ho gaya,heavy,ENG
Itna heavy traffic tha ke main late ho gaya,traffic,ENG
Itna heavy traffic tha ke main late ho gaya,tha,URD
Itna heavy traffic tha ke main late ho gaya,ke,URD
Itna heavy traffic tha ke main late ho gaya,main,URD
Itna heavy traffic tha ke main late ho gaya,late,ENG
Itna heavy traffic tha ke main late ho gaya,ho,URD
Itna heavy traffic tha ke main late ho gaya,gaya,URD
Sir ne kal lecture cancel kar diya tha,Sir,URD
Sir ne kal lecture cancel kar diya tha,ne,URD
Sir ne kal lecture cancel kar diya tha,kal,URD
Sir ne kal lecture cancel kar diya tha,lecture,ENG
Sir ne kal lecture cancel kar diya tha,cancel,ENG
Sir ne kal lecture cancel kar diya tha,kar,URD
Sir ne kal lecture cancel kar diya tha,diya,URD
Sir ne kal lecture cancel kar diya tha,tha,URD
Aap ne wo email check kiya abhi tak?,Aap,URD
Aap ne wo email check kiya abhi tak?,ne,URD
Aap ne wo email check kiya abhi tak?,wo,URD
Aap ne wo email check kiya abhi tak?,email,ENG
Aap ne wo email check kiya abhi tak?,check,ENG
Aap ne wo email check kiya abhi tak?,kiya,URD
Aap ne wo email check kiya abhi tak?,abhi,URD
Aap ne wo email check kiya abhi tak?,tak?,URD
Mujhe lagta hai ye idea super successful hoga,Mujhe,URD
Mujhe lagta hai ye idea super successful hoga,lagta,URD
Mujhe lagta hai ye idea super successful hoga,hai,URD
Mujhe lagta hai ye idea super successful hoga,ye,URD
Mujhe lagta hai ye idea super successful hoga,idea,ENG
Mujhe lagta hai ye idea super successful hoga,super,ENG
Mujhe lagta hai ye idea super successful hoga,successful,ENG
Mujhe lagta hai ye idea super successful hoga,hoga,URD
Kal hamara match complete win tha,Kal,URD
Kal hamara match complete win tha,hamara,URD
Kal hamara match complete win tha,match,ENG
Kal hamara match complete win tha,complete,ENG
Kal hamara match complete win tha,win,ENG
Kal hamara match complete win tha,tha,URD
Wahan parking space bilkul nahi thi,Wahan,URD
Wahan parking space bilkul nahi thi,parking,ENG
Wahan parking space bilkul nahi thi,space,ENG
Wahan parking space bilkul nahi thi,bilkul,URD
Wahan parking space bilkul nahi thi,nahi,URD
Wahan parking space bilkul nahi thi,thi,URD
"Mera mobile battery low hai, main baad me call karta hoon",Mera,URD
"Mera mobile battery low hai, main baad me call karta hoon",mobile,ENG
"Mera mobile battery low hai, main baad me call karta hoon",battery,ENG
"Mera mobile battery low hai, main baad me call karta hoon",low,ENG
"Mera mobile battery low hai, main baad me call karta hoon","hai,",URD
"Mera mobile battery low hai, main baad me call karta hoon",main,URD
"Mera mobile battery low hai, main baad me call karta hoon",baad,URD
"Mera mobile battery low hai, main baad me call karta hoon",me,URD
"Mera mobile battery low hai, main baad me call karta hoon",call,ENG
"Mera mobile battery low hai, main baad me call karta hoon",karta,URD
"Mera mobile battery low hai, main baad me call karta hoon",hoon,URD
Unka budget plan kafi strict hai is baar,Unka,URD
Unka budget plan kafi strict hai is baar,budget,ENG
Unka budget plan kafi strict hai is baar,plan,ENG
Unka budget plan kafi strict hai is baar,kafi,URD
Unka budget plan kafi strict hai is baar,strict,ENG
Unka budget plan kafi strict hai is baar,hai,URD
Unka budget plan kafi strict hai is baar,is,URD
Unka budget plan kafi strict hai is baar,baar,URD
Please mujh se direct message me baat karo,Please,ENG
Please mujh se direct message me baat karo,mujh,URD
Please mujh se direct message me baat karo,se,URD
Please mujh se direct message me baat karo,direct,ENG
Please mujh se direct message me baat karo,message,ENG
Please mujh se direct message me baat karo,me,URD
Please mujh se direct message me baat karo,baat,URD
Please mujh se direct message me baat karo,karo,URD
Is project me bohot security issues hain,Is,URD
Is project me bohot security issues hain,project,ENG
Is project me bohot security issues hain,me,URD
Is project me bohot security issues hain,bohot,URD
Is project me bohot security issues hain,security,ENG
Is project me bohot security issues hain,issues,ENG
Is project me bohot security issues hain,hain,URD
Tumhara overall experience kaisa raha wahan?,Tumhara,URD
Tumhara overall experience kaisa raha wahan?,overall,ENG
Tumhara overall experience kaisa raha wahan?,experience,ENG
Tumhara overall experience kaisa raha wahan?,kaisa,URD
Tumhara overall experience kaisa raha wahan?,raha,URD
Tumhara overall experience kaisa raha wahan?,wahan?,URD
Mujhe ye new update bilkul pasand nahi aaya,Mujhe,URD
Mujhe ye new update bilkul pasand nahi aaya,ye,URD
Mujhe ye new update bilkul pasand nahi aaya,new,ENG
Mujhe ye new update bilkul pasand nahi aaya,update,ENG
Mujhe ye new update bilkul pasand nahi aaya,bilkul,URD
Mujhe ye new update bilkul pasand nahi aaya,pasand,URD
Mujhe ye new update bilkul pasand nahi aaya,nahi,URD
Mujhe ye new update bilkul pasand nahi aaya,aaya,URD
Kal hum ne full day enjoy kiya party me,Kal,URD
Kal hum ne full day enjoy kiya party me,hum,URD
Kal hum ne full day enjoy kiya party me,ne,URD
Kal hum ne full day enjoy kiya party me,full,ENG
Kal hum ne full day enjoy kiya party me,day,ENG
Kal hum ne full day enjoy kiya party me,enjoy,ENG
Kal hum ne full day enjoy kiya party me,kiya,URD
Kal hum ne full day enjoy kiya party me,party,ENG
Kal hum ne full day enjoy kiya party me,me,URD
Bhai is code me syntax error aa raha hai,Bhai,URD
Bhai is code me syntax error aa raha hai,is,URD
Bhai is code me syntax error aa raha hai,code,ENG
Bhai is code me syntax error aa raha hai,me,URD
Bhai is code me syntax error aa raha hai,syntax,ENG
Bhai is code me syntax error aa raha hai,error,ENG
Bhai is code me syntax error aa raha hai,aa,URD
Bhai is code me syntax error aa raha hai,raha,URD
Bhai is code me syntax error aa raha hai,hai,URD
Mera phone notification sound off hai abhi,Mera,URD
Mera phone notification sound off hai abhi,phone,ENG
Mera phone notification sound off hai abhi,notification,ENG
Mera phone notification sound off hai abhi,sound,ENG
Mera phone notification sound off hai abhi,off,ENG
Mera phone notification sound off hai abhi,hai,URD
Mera phone notification sound off hai abhi,abhi,URD
Wahan security check timing bohot strict hai,Wahan,URD
Wahan security check timing bohot strict hai,security,ENG
Wahan security check timing bohot strict hai,check,ENG
Wahan security check timing bohot strict hai,timing,ENG
Wahan security check timing bohot strict hai,bohot,URD
Wahan security check timing bohot strict hai,strict,ENG
Wahan security check timing bohot strict hai,hai,URD
Bohot high priority client message aaya hai,Bohot,URD
Bohot high priority client message aaya hai,high,ENG
Bohot high priority client message aaya hai,priority,ENG
Bohot high priority client message aaya hai,client,ENG
Bohot high priority client message aaya hai,message,ENG
Bohot high priority client message aaya hai,aaya,URD
Bohot high priority client message aaya hai,hai,URD
Is restaurant ki service quality bohot bad thi,Is,URD
Is restaurant ki service quality bohot bad thi,restaurant,ENG
Is restaurant ki service quality bohot bad thi,ki,URD
Is restaurant ki service quality bohot bad thi,service,ENG
Is restaurant ki service quality bohot bad thi,quality,ENG
Is restaurant ki service quality bohot bad thi,bohot,URD
Is restaurant ki service quality bohot bad thi,bad,ENG
Is restaurant ki service quality bohot bad thi,thi,URD
Kal mera online interview schedule hua hai,Kal,URD
Kal mera online interview schedule hua hai,mera,URD
Kal mera online interview schedule hua hai,online,ENG
Kal mera online interview schedule hua hai,interview,ENG
Kal mera online interview schedule hua hai,schedule,ENG
Kal mera online interview schedule hua hai,hua,URD
Kal mera online interview schedule hua hai,hai,URD
Wo hamesha simple steps follower raha hai,Wo,URD
Wo hamesha simple steps follower raha hai,hamesha,URD
Wo hamesha simple steps follower raha hai,simple,ENG
Wo hamesha simple steps follower raha hai,steps,ENG
Wo hamesha simple steps follower raha hai,follower,ENG
Wo hamesha simple steps follower raha hai,raha,URD
Wo hamesha simple steps follower raha hai,hai,URD
Mujhe ticket confirmation receipt bhej do,Mujhe,URD
Mujhe ticket confirmation receipt bhej do,ticket,ENG
Mujhe ticket confirmation receipt bhej do,confirmation,ENG
Mujhe ticket confirmation receipt bhej do,receipt,ENG
Mujhe ticket confirmation receipt bhej do,bhej,URD
Mujhe ticket confirmation receipt bhej do,do,URD
Mera total balance zero ho gaya sudden,Mera,URD
Mera total balance zero ho gaya sudden,total,ENG
Mera total balance zero ho gaya sudden,balance,ENG
Mera total balance zero ho gaya sudden,zero,ENG
Mera total balance zero ho gaya sudden,ho,URD
Mera total balance zero ho gaya sudden,gaya,URD
Mera total balance zero ho gaya sudden,sudden,ENG
Is product ka delivery charger kitna hai?,Is,URD
Is product ka delivery charger kitna hai?,product,ENG
Is product ka delivery charger kitna hai?,ka,URD
Is product ka delivery charger kitna hai?,delivery,ENG
Is product ka delivery charger kitna hai?,charger,ENG
Is product ka delivery charger kitna hai?,kitna,URD
Is product ka delivery charger kitna hai?,hai?,URD
Bhai final output display screen par check karo,Bhai,URD
Bhai final output display screen par check karo,final,ENG
Bhai final output display screen par check karo,output,ENG
Bhai final output display screen par check karo,display,ENG
Bhai final output display screen par check karo,screen,ENG
Bhai final output display screen par check karo,par,URD
Bhai final output display screen par check karo,check,ENG
Bhai final output display screen par check karo,karo,URD
Kal hamara technical evaluation test hai,Kal,URD
Kal hamara technical evaluation test hai,hamara,URD
Kal hamara technical evaluation test hai,technical,ENG
Kal hamara technical evaluation test hai,evaluation,ENG
Kal hamara technical evaluation test hai,test,ENG
Kal hamara technical evaluation test hai,hai,URD
Wo har waqt active online status me rehta hai,Wo,URD
Wo har waqt active online status me rehta hai,har,URD
Wo har waqt active online status me rehta hai,waqt,URD
Wo har waqt active online status me rehta hai,active,ENG
Wo har waqt active online status me rehta hai,online,ENG
Wo har waqt active online status me rehta hai,status,ENG
Wo har waqt active online status me rehta hai,me,URD
Wo har waqt active online status me rehta hai,rehta,URD
Wo har waqt active online status me rehta hai,hai,URD
Is software release note me bugs mentioned hain,Is,URD
Is software release note me bugs mentioned hain,software,ENG
Is software release note me bugs mentioned hain,release,ENG
Is software release note me bugs mentioned hain,note,ENG
Is software release note me bugs mentioned hain,me,URD
Is software release note me bugs mentioned hain,bugs,ENG
Is software release note me bugs mentioned hain,mentioned,ENG
Is software release note me bugs mentioned hain,hain,URD
Mujhe fast internet plan subscribe karna hai,Mujhe,URD
Mujhe fast internet plan subscribe karna hai,fast,ENG
Mujhe fast internet plan subscribe karna hai,internet,ENG
Mujhe fast internet plan subscribe karna hai,plan,ENG
Mujhe fast internet plan subscribe karna hai,subscribe,ENG
Mujhe fast internet plan subscribe karna hai,karna,URD
Mujhe fast internet plan subscribe karna hai,hai,URD
Wo emergency exit door lock tha,Wo,URD
Wo emergency exit door lock tha,emergency,ENG
Wo emergency exit door lock tha,exit,ENG
Wo emergency exit door lock tha,door,ENG
Wo emergency exit door lock tha,lock,ENG
Wo emergency exit door lock tha,tha,URD
State Bank ne new digital currency model introduce kar diya hai,State,ENG
State Bank ne new digital currency model introduce kar diya hai,Bank,ENG
State Bank ne new digital currency model introduce kar diya hai,ne,URD
State Bank ne new digital currency model introduce kar diya hai,new,ENG
State Bank ne new digital currency model introduce kar diya hai,digital,ENG
State Bank ne new digital currency model introduce kar diya hai,currency,ENG
State Bank ne new digital currency model introduce kar diya hai,model,ENG
State Bank ne new digital currency model introduce kar diya hai,introduce,ENG
State Bank ne new digital currency model introduce kar diya hai,kar,URD
State Bank ne new digital currency model introduce kar diya hai,diya,URD
State Bank ne new digital currency model introduce kar diya hai,hai,URD
Government ne petrol ki price me mega increase record kiya,Government,ENG
Government ne petrol ki price me mega increase record kiya,ne,URD
Government ne petrol ki price me mega increase record kiya,petrol,ENG
Government ne petrol ki price me mega increase record kiya,ki,URD
Government ne petrol ki price me mega increase record kiya,price,ENG
Government ne petrol ki price me mega increase record kiya,me,URD
Government ne petrol ki price me mega increase record kiya,mega,ENG
Government ne petrol ki price me mega increase record kiya,increase,ENG
Government ne petrol ki price me mega increase record kiya,record,URD
Government ne petrol ki price me mega increase record kiya,kiya,URD
China aur Pakistan ne AI agreement sign kar liya hai,China,ENG
China aur Pakistan ne AI agreement sign kar liya hai,aur,URD
China aur Pakistan ne AI agreement sign kar liya hai,Pakistan,ENG
China aur Pakistan ne AI agreement sign kar liya hai,ne,URD
China aur Pakistan ne AI agreement sign kar liya hai,AI,ENG
China aur Pakistan ne AI agreement sign kar liya hai,agreement,ENG
China aur Pakistan ne AI agreement sign kar liya hai,sign,ENG
China aur Pakistan ne AI agreement sign kar liya hai,kar,URD
China aur Pakistan ne AI agreement sign kar liya hai,liya,URD
China aur Pakistan ne AI agreement sign kar liya hai,hai,URD
Is company ki total revenue last month double ho gayi,Is,URD
Is company ki total revenue last month double ho gayi,company,ENG
Is company ki total revenue last month double ho gayi,ki,URD
Is company ki total revenue last month double ho gayi,total,ENG
Is company ki total revenue last month double ho gayi,revenue,ENG
Is company ki total revenue last month double ho gayi,last,ENG
Is company ki total revenue last month double ho gayi,month,ENG
Is company ki total revenue last month double ho gayi,double,ENG
Is company ki total revenue last month double ho gayi,ho,URD
Is company ki total revenue last month double ho gayi,gayi,URD
Federal Cabinet ne new tax policy approve kar di hai,Federal,ENG
Federal Cabinet ne new tax policy approve kar di hai,Cabinet,ENG
Federal Cabinet ne new tax policy approve kar di hai,ne,URD
Federal Cabinet ne new tax policy approve kar di hai,new,ENG
Federal Cabinet ne new tax policy approve kar di hai,tax,ENG
Federal Cabinet ne new tax policy approve kar di hai,policy,ENG
Federal Cabinet ne new tax policy approve kar di hai,approve,ENG
Federal Cabinet ne new tax policy approve kar di hai,kar,URD
Federal Cabinet ne new tax policy approve kar di hai,di,URD
Federal Cabinet ne new tax policy approve kar di hai,hai,URD
Stock market today record high level par close hui hai,Stock,ENG
Stock market today record high level par close hui hai,market,ENG
Stock market today record high level par close hui hai,today,ENG
Stock market today record high level par close hui hai,record,ENG
Stock market today record high level par close hui hai,high,ENG
Stock market today record high level par close hui hai,level,ENG
Stock market today record high level par close hui hai,par,URD
Stock market today record high level par close hui hai,close,ENG
Stock market today record high level par close hui hai,hui,URD
Stock market today record high level par close hui hai,hai,URD
Gold price worldwide seven weeks high level par pohench gayi,Gold,ENG
Gold price worldwide seven weeks high level par pohench gayi,price,ENG
Gold price worldwide seven weeks high level par pohench gayi,worldwide,ENG
Gold price worldwide seven weeks high level par pohench gayi,seven,ENG
Gold price worldwide seven weeks high level par pohench gayi,weeks,ENG
Gold price worldwide seven weeks high level par pohench gayi,high,ENG
Gold price worldwide seven weeks high level par pohench gayi,level,ENG
Gold price worldwide seven weeks high level par pohench gayi,par,URD
Gold price worldwide seven weeks high level par pohench gayi,pohench,URD
Gold price worldwide seven weeks high level par pohench gayi,gayi,URD
IT export me is saal massive growth dekhne ko mili,IT,ENG
IT export me is saal massive growth dekhne ko mili,export,ENG
IT export me is saal massive growth dekhne ko mili,me,URD
IT export me is saal massive growth dekhne ko mili,is,URD
IT export me is saal massive growth dekhne ko mili,saal,URD
IT export me is saal massive growth dekhne ko mili,massive,ENG
IT export me is saal massive growth dekhne ko mili,growth,ENG
IT export me is saal massive growth dekhne ko mili,dekhne,URD
IT export me is saal massive growth dekhne ko mili,ko,URD
IT export me is saal massive growth dekhne ko mili,mili,URD
State Bank official press release issue karne wala hai,State,ENG
State Bank official press release issue karne wala hai,Bank,ENG
State Bank official press release issue karne wala hai,official,ENG
State Bank official press release issue karne wala hai,press,ENG
State Bank official press release issue karne wala hai,release,ENG
State Bank official press release issue karne wala hai,issue,ENG
State Bank official press release issue karne wala hai,karne,URD
State Bank official press release issue karne wala hai,wala,URD
State Bank official press release issue karne wala hai,hai,URD
New startup platform ne seed funding round complete kiya,New,ENG
New startup platform ne seed funding round complete kiya,startup,ENG
New startup platform ne seed funding round complete kiya,platform,ENG
New startup platform ne seed funding round complete kiya,ne,URD
New startup platform ne seed funding round complete kiya,seed,ENG
New startup platform ne seed funding round complete kiya,funding,ENG
New startup platform ne seed funding round complete kiya,round,ENG
New startup platform ne seed funding round complete kiya,complete,ENG
New startup platform ne seed funding round complete kiya,kiya,URD
Pakistan ne second test match 8 wickets se jeet liya,Pakistan,ENG
Pakistan ne second test match 8 wickets se jeet liya,ne,URD
Pakistan ne second test match 8 wickets se jeet liya,second,ENG
Pakistan ne second test match 8 wickets se jeet liya,test,ENG
Pakistan ne second test match 8 wickets se jeet liya,match,ENG
Pakistan ne second test match 8 wickets se jeet liya,8,ENG
Pakistan ne second test match 8 wickets se jeet liya,wickets,ENG
Pakistan ne second test match 8 wickets se jeet liya,se,URD
Pakistan ne second test match 8 wickets se jeet liya,jeet,URD
Pakistan ne second test match 8 wickets se jeet liya,liya,URD
PCB ne player par 2 years ki ban announce kar di,PCB,ENG
PCB ne player par 2 years ki ban announce kar di,ne,URD
PCB ne player par 2 years ki ban announce kar di,player,ENG
PCB ne player par 2 years ki ban announce kar di,par,URD
PCB ne player par 2 years ki ban announce kar di,2,ENG
PCB ne player par 2 years ki ban announce kar di,years,ENG
PCB ne player par 2 years ki ban announce kar di,ki,URD
PCB ne player par 2 years ki ban announce kar di,ban,ENG
PCB ne player par 2 years ki ban announce kar di,announce,ENG
PCB ne player par 2 years ki ban announce kar di,kar,URD
PCB ne player par 2 years ki ban announce kar di,di,URD
Green shirts next week final match play kare gi,Green,ENG
Green shirts next week final match play kare gi,shirts,ENG
Green shirts next week final match play kare gi,next,ENG
Green shirts next week final match play kare gi,week,ENG
Green shirts next week final match play kare gi,final,ENG
Green shirts next week final match play kare gi,match,ENG
Green shirts next week final match play kare gi,play,ENG
Green shirts next week final match play kare gi,kare,URD
Green shirts next week final match play kare gi,gi,URD
Captain ne match presentation me team performance ko cherish kiya,Captain,ENG
Captain ne match presentation me team performance ko cherish kiya,ne,URD
Captain ne match presentation me team performance ko cherish kiya,match,ENG
Captain ne match presentation me team performance ko cherish kiya,presentation,ENG
Captain ne match presentation me team performance ko cherish kiya,me,URD
Captain ne match presentation me team performance ko cherish kiya,team,ENG
Captain ne match presentation me team performance ko cherish kiya,performance,ENG
Captain ne match presentation me team performance ko cherish kiya,ko,URD
Captain ne match presentation me team performance ko cherish kiya,cherish,ENG
Captain ne match presentation me team performance ko cherish kiya,kiya,URD
T20 World Cup squad announce ho gaya hai aaj,T20,ENG
T20 World Cup squad announce ho gaya hai aaj,World,ENG
T20 World Cup squad announce ho gaya hai aaj,Cup,ENG
T20 World Cup squad announce ho gaya hai aaj,squad,ENG
T20 World Cup squad announce ho gaya hai aaj,announce,ENG
T20 World Cup squad announce ho gaya hai aaj,ho,URD
T20 World Cup squad announce ho gaya hai aaj,gaya,URD
T20 World Cup squad announce ho gaya hai aaj,hai,URD
T20 World Cup squad announce ho gaya hai aaj,aaj,URD
Young player ne debut match me century score ki,Young,ENG
Young player ne debut match me century score ki,player,ENG
Young player ne debut match me century score ki,ne,URD
Young player ne debut match me century score ki,debut,ENG
Young player ne debut match me century score ki,match,ENG
Young player ne debut match me century score ki,me,URD
Young player ne debut match me century score ki,century,ENG
Young player ne debut match me century score ki,score,ENG
Young player ne debut match me century score ki,ki,URD
Olympic final match rain ki wajah se delay ho gaya,Olympic,ENG
Olympic final match rain ki wajah se delay ho gaya,final,ENG
Olympic final match rain ki wajah se delay ho gaya,match,ENG
Olympic final match rain ki wajah se delay ho gaya,rain,ENG
Olympic final match rain ki wajah se delay ho gaya,ki,URD
Olympic final match rain ki wajah se delay ho gaya,wajah,URD
Olympic final match rain ki wajah se delay ho gaya,se,URD
Olympic final match rain ki wajah se delay ho gaya,delay,ENG
Olympic final match rain ki wajah se delay ho gaya,ho,URD
Olympic final match rain ki wajah se delay ho gaya,gaya,URD
Fast bowler ne crucial moment par wicket break ki,Fast,ENG
Fast bowler ne crucial moment par wicket break ki,bowler,ENG
Fast bowler ne crucial moment par wicket break ki,ne,URD
Fast bowler ne crucial moment par wicket break ki,crucial,ENG
Fast bowler ne crucial moment par wicket break ki,moment,ENG
Fast bowler ne crucial moment par wicket break ki,par,URD
Fast bowler ne crucial moment par wicket break ki,wicket,ENG
Fast bowler ne crucial moment par wicket break ki,break,ENG
Fast bowler ne crucial moment par wicket break ki,ki,URD
Meteorological department ne heavy rain alert issue kar diya,Meteorological,ENG
Meteorological department ne heavy rain alert issue kar diya,department,ENG
Meteorological department ne heavy rain alert issue kar diya,ne,URD
Meteorological department ne heavy rain alert issue kar diya,heavy,ENG
Meteorological department ne heavy rain alert issue kar diya,rain,ENG
Meteorological department ne heavy rain alert issue kar diya,alert,ENG
Meteorological department ne heavy rain alert issue kar diya,issue,ENG
Meteorological department ne heavy rain alert issue kar diya,kar,URD
Meteorological department ne heavy rain alert issue kar diya,diya,URD
Highway road heavy flood waters ki wajah se closed hai,Highway,ENG
Highway road heavy flood waters ki wajah se closed hai,road,ENG
Highway road heavy flood waters ki wajah se closed hai,heavy,ENG
Highway road heavy flood waters ki wajah se closed hai,flood,ENG
Highway road heavy flood waters ki wajah se closed hai,waters,ENG
Highway road heavy flood waters ki wajah se closed hai,ki,URD
Highway road heavy flood waters ki wajah se closed hai,wajah,URD
Highway road heavy flood waters ki wajah se closed hai,se,URD
Highway road heavy flood waters ki wajah se closed hai,closed,ENG
Highway road heavy flood waters ki wajah se closed hai,hai,URD
Islamabad Police ne traffic city management order publish kiya,Islamabad,ENG
Islamabad Police ne traffic city management order publish kiya,Police,ENG
Islamabad Police ne traffic city management order publish kiya,ne,URD
Islamabad Police ne traffic city management order publish kiya,traffic,ENG
Islamabad Police ne traffic city management order publish kiya,city,ENG
Islamabad Police ne traffic city management order publish kiya,management,ENG
Islamabad Police ne traffic city management order publish kiya,order,ENG
Islamabad Police ne traffic city management order publish kiya,publish,ENG
Islamabad Police ne traffic city management order publish kiya,kiya,URD
City administration ne emergency control room setup kar diya hai,City,ENG
City administration ne emergency control room setup kar diya hai,administration,ENG
City administration ne emergency control room setup kar diya hai,ne,URD
City administration ne emergency control room setup kar diya hai,emergency,ENG
City administration ne emergency control room setup kar diya hai,control,ENG
City administration ne emergency control room setup kar diya hai,room,ENG
City administration ne emergency control room setup kar diya hai,setup,ENG
City administration ne emergency control room setup kar diya hai,kar,URD
City administration ne emergency control room setup kar diya hai,diya,URD
City administration ne emergency control room setup kar diya hai,hai,URD
Severe heatwave alert nationwide public issue ho gaya,Severe,ENG
Severe heatwave alert nationwide public issue ho gaya,heatwave,ENG
Severe heatwave alert nationwide public issue ho gaya,alert,ENG
Severe heatwave alert nationwide public issue ho gaya,nationwide,ENG
Severe heatwave alert nationwide public issue ho gaya,public,ENG
Severe heatwave alert nationwide public issue ho gaya,issue,ENG
Severe heatwave alert nationwide public issue ho gaya,ho,URD
Severe heatwave alert nationwide public issue ho gaya,gaya,URD
PMDC ne entrance test MDCAT date reschedule kar di,PMDC,ENG
PMDC ne entrance test MDCAT date reschedule kar di,ne,URD
PMDC ne entrance test MDCAT date reschedule kar di,entrance,ENG
PMDC ne entrance test MDCAT date reschedule kar di,test,ENG
PMDC ne entrance test MDCAT date reschedule kar di,MDCAT,ENG
PMDC ne entrance test MDCAT date reschedule kar di,date,ENG
PMDC ne entrance test MDCAT date reschedule kar di,reschedule,ENG
PMDC ne entrance test MDCAT date reschedule kar di,kar,URD
PMDC ne entrance test MDCAT date reschedule kar di,di,URD
Matric board results today online portal par announce honge,Matric,ENG
Matric board results today online portal par announce honge,board,ENG
Matric board results today online portal par announce honge,results,ENG
Matric board results today online portal par announce honge,today,ENG
Matric board results today online portal par announce honge,online,ENG
Matric board results today online portal par announce honge,portal,ENG
Matric board results today online portal par announce honge,par,URD
Matric board results today online portal par announce honge,announce,ENG
Matric board results today online portal par announce honge,honge,URD
Education ministry ne free digital training courses offer kiye,Education,ENG
Education ministry ne free digital training courses offer kiye,ministry,ENG
Education ministry ne free digital training courses offer kiye,ne,URD
Education ministry ne free digital training courses offer kiye,free,ENG
Education ministry ne free digital training courses offer kiye,digital,ENG
Education ministry ne free digital training courses offer kiye,training,ENG
Education ministry ne free digital training courses offer kiye,courses,ENG
Education ministry ne free digital training courses offer kiye,offer,ENG
Education ministry ne free digital training courses offer kiye,kiye,URD
University administration ne semester exams offline mode me rakhe,University,ENG
University administration ne semester exams offline mode me rakhe,administration,ENG
University administration ne semester exams offline mode me rakhe,ne,URD
University administration ne semester exams offline mode me rakhe,semester,ENG
University administration ne semester exams offline mode me rakhe,exams,ENG
University administration ne semester exams offline mode me rakhe,offline,ENG
University administration ne semester exams offline mode me rakhe,mode,ENG
University administration ne semester exams offline mode me rakhe,me,URD
University administration ne semester exams offline mode me rakhe,rakhe,URD
Higher Education Commission ne new scholarship policy approve ki,Higher,ENG
Higher Education Commission ne new scholarship policy approve ki,Education,ENG
Higher Education Commission ne new scholarship policy approve ki,Commission,ENG
Higher Education Commission ne new scholarship policy approve ki,ne,URD
Higher Education Commission ne new scholarship policy approve ki,new,ENG
Higher Education Commission ne new scholarship policy approve ki,scholarship,ENG
Higher Education Commission ne new scholarship policy approve ki,policy,ENG
Higher Education Commission ne new scholarship policy approve ki,approve,ENG
Higher Education Commission ne new scholarship policy approve ki,ki,URD
Viral video challenge social media platforms par trend kar raha hai,Viral,ENG
Viral video challenge social media platforms par trend kar raha hai,video,ENG
Viral video challenge social media platforms par trend kar raha hai,challenge,ENG
Viral video challenge social media platforms par trend kar raha hai,social,ENG
Viral video challenge social media platforms par trend kar raha hai,media,ENG
Viral video challenge social media platforms par trend kar raha hai,platforms,ENG
Viral video challenge social media platforms par trend kar raha hai,par,URD
Viral video challenge social media platforms par trend kar raha hai,trend,ENG
Viral video challenge social media platforms par trend kar raha hai,kar,URD
Viral video challenge social media platforms par trend kar raha hai,raha,URD
Viral video challenge social media platforms par trend kar raha hai,hai,URD
Cyber security team ne massive online fraud catch kiya,Cyber,ENG
Cyber security team ne massive online fraud catch kiya,security,ENG
Cyber security team ne massive online fraud catch kiya,team,ENG
Cyber security team ne massive online fraud catch kiya,ne,URD
Cyber security team ne massive online fraud catch kiya,massive,ENG
Cyber security team ne massive online fraud catch kiya,online,ENG
Cyber security team ne massive online fraud catch kiya,fraud,ENG
Cyber security team ne massive online fraud catch kiya,catch,ENG
Cyber security team ne massive online fraud catch kiya,kiya,URD
Artificial intelligence tool human writers ko beat kar raha hai,Artificial,ENG
Artificial intelligence tool human writers ko beat kar raha hai,intelligence,ENG
Artificial intelligence tool human writers ko beat kar raha hai,tool,ENG
Artificial intelligence tool human writers ko beat kar raha hai,human,ENG
Artificial intelligence tool human writers ko beat kar raha hai,writers,ENG
Artificial intelligence tool human writers ko beat kar raha hai,ko,URD
Artificial intelligence tool human writers ko beat kar raha hai,beat,ENG
Artificial intelligence tool human writers ko beat kar raha hai,kar,URD
Artificial intelligence tool human writers ko beat kar raha hai,raha,URD
Artificial intelligence tool human writers ko beat kar raha hai,hai,URD
Space agency ne new satellite orbit me launch kar diya,Space,ENG
Space agency ne new satellite orbit me launch kar diya,agency,ENG
Space agency ne new satellite orbit me launch kar diya,ne,URD
Space agency ne new satellite orbit me launch kar diya,new,ENG
Space agency ne new satellite orbit me launch kar diya,satellite,ENG
Space agency ne new satellite orbit me launch kar diya,orbit,ENG
Space agency ne new satellite orbit me launch kar diya,me,URD
Space agency ne new satellite orbit me launch kar diya,launch,ENG
Space agency ne new satellite orbit me launch kar diya,kar,URD
Space agency ne new satellite orbit me launch kar diya,diya,URD
Popular messaging application ne thousands of accounts block kiye,Popular,ENG
Popular messaging application ne thousands of accounts block kiye,messaging,ENG
Popular messaging application ne thousands of accounts block kiye,application,ENG
Popular messaging application ne thousands of accounts block kiye,ne,URD
Popular messaging application ne thousands of accounts block kiye,thousands,ENG
Popular messaging application ne thousands of accounts block kiye,of,ENG
Popular messaging application ne thousands of accounts block kiye,accounts,ENG
Popular messaging application ne thousands of accounts block kiye,block,ENG
Popular messaging application ne thousands of accounts block kiye,kiye,URD
New movie release six days me box office benchmark set kar chuki hai,New,ENG
New movie release six days me box office benchmark set kar chuki hai,movie,ENG
New movie release six days me box office benchmark set kar chuki hai,release,ENG
New movie release six days me box office benchmark set kar chuki hai,six,ENG
New movie release six days me box office benchmark set kar chuki hai,days,ENG
New movie release six days me box office benchmark set kar chuki hai,me,URD
New movie release six days me box office benchmark set kar chuki hai,box,ENG
New movie release six days me box office benchmark set kar chuki hai,office,ENG
New movie release six days me box office benchmark set kar chuki hai,benchmark,ENG
New movie release six days me box office benchmark set kar chuki hai,set,ENG
New movie release six days me box office benchmark set kar chuki hai,kar,URD
New movie release six days me box office benchmark set kar chuki hai,chuki,URD
New movie release six days me box office benchmark set kar chuki hai,hai,URD
High Court ne case key hearing next Monday tak adjourn ki,High,ENG
High Court ne case key hearing next Monday tak adjourn ki,Court,ENG
High Court ne case key hearing next Monday tak adjourn ki,ne,URD
High Court ne case key hearing next Monday tak adjourn ki,case,ENG
High Court ne case key hearing next Monday tak adjourn ki,key,ENG
High Court ne case key hearing next Monday tak adjourn ki,hearing,ENG
High Court ne case key hearing next Monday tak adjourn ki,next,ENG
High Court ne case key hearing next Monday tak adjourn ki,Monday,ENG
High Court ne case key hearing next Monday tak adjourn ki,tak,URD
High Court ne case key hearing next Monday tak adjourn ki,adjourn,ENG
High Court ne case key hearing next Monday tak adjourn ki,ki,URD
Police team ne suspect vehicle trace kar ke impound kar liya,Police,ENG
Police team ne suspect vehicle trace kar ke impound kar liya,team,ENG
Police team ne suspect vehicle trace kar ke impound kar liya,ne,URD
Police team ne suspect vehicle trace kar ke impound kar liya,suspect,ENG
Police team ne suspect vehicle trace kar ke impound kar liya,vehicle,ENG
Police team ne suspect vehicle trace kar ke impound kar liya,trace,ENG
Police team ne suspect vehicle trace kar ke impound kar liya,kar,URD
Police team ne suspect vehicle trace kar ke impound kar liya,ke,URD
Police team ne suspect vehicle trace kar ke impound kar liya,impound,ENG
Police team ne suspect vehicle trace kar ke impound kar liya,kar,URD
Police team ne suspect vehicle trace kar ke impound kar liya,liya,URD
Anti-corruption court ne bail plea reject kar di,Anti-corruption,ENG
Anti-corruption court ne bail plea reject kar di,court,ENG
Anti-corruption court ne bail plea reject kar di,ne,URD
Anti-corruption court ne bail plea reject kar di,bail,ENG
Anti-corruption court ne bail plea reject kar di,plea,ENG
Anti-corruption court ne bail plea reject kar di,reject,ENG
Anti-corruption court ne bail plea reject kar di,kar,URD
Anti-corruption court ne bail plea reject kar di,di,URD
Investigation officer ne formal charge sheet submit kar di hai,Investigation,ENG
Investigation officer ne formal charge sheet submit kar di hai,officer,ENG
Investigation officer ne formal charge sheet submit kar di hai,ne,URD
Investigation officer ne formal charge sheet submit kar di hai,formal,ENG
Investigation officer ne formal charge sheet submit kar di hai,charge,ENG
Investigation officer ne formal charge sheet submit kar di hai,sheet,ENG
Investigation officer ne formal charge sheet submit kar di hai,submit,ENG
Investigation officer ne formal charge sheet submit kar di hai,kar,URD
Investigation officer ne formal charge sheet submit kar di hai,di,URD
Investigation officer ne formal charge sheet submit kar di hai,hai,URD
Cyber crime unit ne hacker group key network trace kiye,Cyber,ENG
Cyber crime unit ne hacker group key network trace kiye,crime,ENG
Cyber crime unit ne hacker group key network trace kiye,unit,ENG
Cyber crime unit ne hacker group key network trace kiye,ne,URD
Cyber crime unit ne hacker group key network trace kiye,hacker,ENG
Cyber crime unit ne hacker group key network trace kiye,group,ENG
Cyber crime unit ne hacker group key network trace kiye,key,URD
Cyber crime unit ne hacker group key network trace kiye,network,ENG
Cyber crime unit ne hacker group key network trace kiye,trace,ENG
Cyber crime unit ne hacker group key network trace kiye,kiye,URD
Supreme Court landmark judgment detail publish kar di hai,Supreme,ENG
Supreme Court landmark judgment detail publish kar di hai,Court,ENG
Supreme Court landmark judgment detail publish kar di hai,landmark,ENG
Supreme Court landmark judgment detail publish kar di hai,judgment,ENG
Supreme Court landmark judgment detail publish kar di hai,detail,ENG
Supreme Court landmark judgment detail publish kar di hai,publish,ENG
Supreme Court landmark judgment detail publish kar di hai,kar,URD
Supreme Court landmark judgment detail publish kar di hai,di,URD
Supreme Court landmark judgment detail publish kar di hai,hai,URD
AI technology ne content writing ko redefine kar diya,AI,ENG
AI technology ne content writing ko redefine kar diya,technology,ENG
AI technology ne content writing ko redefine kar diya,ne,URD
AI technology ne content writing ko redefine kar diya,content,ENG
AI technology ne content writing ko redefine kar diya,writing,ENG
AI technology ne content writing ko redefine kar diya,ko,URD
AI technology ne content writing ko redefine kar diya,redefine,ENG
AI technology ne content writing ko redefine kar diya,kar,URD
AI technology ne content writing ko redefine kar diya,diya,URD
Nvidia ne latest AI chip reveal kar di hai,Nvidia,ENG
Nvidia ne latest AI chip reveal kar di hai,ne,URD
Nvidia ne latest AI chip reveal kar di hai,latest,ENG
Nvidia ne latest AI chip reveal kar di hai,AI,ENG
Nvidia ne latest AI chip reveal kar di hai,chip,ENG
Nvidia ne latest AI chip reveal kar di hai,reveal,ENG
Nvidia ne latest AI chip reveal kar di hai,kar,URD
Nvidia ne latest AI chip reveal kar di hai,di,URD
Nvidia ne latest AI chip reveal kar di hai,hai,URD
Cyber attack se company ka database corrupt ho gaya,Cyber,ENG
Cyber attack se company ka database corrupt ho gaya,attack,ENG
Cyber attack se company ka database corrupt ho gaya,se,URD
Cyber attack se company ka database corrupt ho gaya,company,ENG
Cyber attack se company ka database corrupt ho gaya,ka,URD
Cyber attack se company ka database corrupt ho gaya,database,ENG
Cyber attack se company ka database corrupt ho gaya,corrupt,ENG
Cyber attack se company ka database corrupt ho gaya,ho,URD
Cyber attack se company ka database corrupt ho gaya,gaya,URD
New software update installation timing late schedule hui hai,New,ENG
New software update installation timing late schedule hui hai,software,ENG
New software update installation timing late schedule hui hai,update,ENG
New software update installation timing late schedule hui hai,installation,ENG
New software update installation timing late schedule hui hai,timing,ENG
New software update installation timing late schedule hui hai,late,ENG
New software update installation timing late schedule hui hai,schedule,ENG
New software update installation timing late schedule hui hai,hui,URD
New software update installation timing late schedule hui hai,hai,URD
Social media app par privacy policy update aa gayi,Social,ENG
Social media app par privacy policy update aa gayi,media,ENG
Social media app par privacy policy update aa gayi,app,ENG
Social media app par privacy policy update aa gayi,par,URD
Social media app par privacy policy update aa gayi,privacy,ENG
Social media app par privacy policy update aa gayi,policy,ENG
Social media app par privacy policy update aa gayi,update,ENG
Social media app par privacy policy update aa gayi,aa,URD
Social media app par privacy policy update aa gayi,gayi,URD
Inflation rate record high mark par reach kar chuka hai,Inflation,ENG
Inflation rate record high mark par reach kar chuka hai,rate,ENG
Inflation rate record high mark par reach kar chuka hai,record,ENG
Inflation rate record high mark par reach kar chuka hai,high,ENG
Inflation rate record high mark par reach kar chuka hai,mark,ENG
Inflation rate record high mark par reach kar chuka hai,par,URD
Inflation rate record high mark par reach kar chuka hai,reach,ENG
Inflation rate record high mark par reach kar chuka hai,kar,URD
Inflation rate record high mark par reach kar chuka hai,chuka,URD
Inflation rate record high mark par reach kar chuka hai,hai,URD
Stock exchange index drop hone se investors worried hain,Stock,ENG
Stock exchange index drop hone se investors worried hain,exchange,ENG
Stock exchange index drop hone se investors worried hain,index,ENG
Stock exchange index drop hone se investors worried hain,drop,ENG
Stock exchange index drop hone se investors worried hain,hone,URD
Stock exchange index drop hone se investors worried hain,se,URD
Stock exchange index drop hone se investors worried hain,investors,ENG
Stock exchange index drop hone se investors worried hain,worried,ENG
Stock exchange index drop hone se investors worried hain,hain,URD
Banking sector ne online fraud recovery plan issue kiya,Banking,ENG
Banking sector ne online fraud recovery plan issue kiya,sector,ENG
Banking sector ne online fraud recovery plan issue kiya,ne,URD
Banking sector ne online fraud recovery plan issue kiya,online,ENG
Banking sector ne online fraud recovery plan issue kiya,fraud,ENG
Banking sector ne online fraud recovery plan issue kiya,recovery,ENG
Banking sector ne online fraud recovery plan issue kiya,plan,ENG
Banking sector ne online fraud recovery plan issue kiya,issue,ENG
Banking sector ne online fraud recovery plan issue kiya,kiya,URD
Export rate high hone se national economy boost hogi,Export,ENG
Export rate high hone se national economy boost hogi,rate,ENG
Export rate high hone se national economy boost hogi,high,ENG
Export rate high hone se national economy boost hogi,hone,URD
Export rate high hone se national economy boost hogi,se,URD
Export rate high hone se national economy boost hogi,national,ENG
Export rate high hone se national economy boost hogi,economy,ENG
Export rate high hone se national economy boost hogi,boost,ENG
Export rate high hone se national economy boost hogi,hogi,URD
Fuel price decrease karne par public demand increase hui,Fuel,ENG
Fuel price decrease karne par public demand increase hui,price,ENG
Fuel price decrease karne par public demand increase hui,decrease,ENG
Fuel price decrease karne par public demand increase hui,karne,URD
Fuel price decrease karne par public demand increase hui,par,URD
Fuel price decrease karne par public demand increase hui,public,ENG
Fuel price decrease karne par public demand increase hui,demand,ENG
Fuel price decrease karne par public demand increase hui,increase,ENG
Fuel price decrease karne par public demand increase hui,hui,URD
Championship match schedule rain alert ki wajah se shift hua,Championship,ENG
Championship match schedule rain alert ki wajah se shift hua,match,ENG
Championship match schedule rain alert ki wajah se shift hua,schedule,ENG
Championship match schedule rain alert ki wajah se shift hua,rain,ENG
Championship match schedule rain alert ki wajah se shift hua,alert,ENG
Championship match schedule rain alert ki wajah se shift hua,ki,URD
Championship match schedule rain alert ki wajah se shift hua,wajah,URD
Championship match schedule rain alert ki wajah se shift hua,se,URD
Championship match schedule rain alert ki wajah se shift hua,shift,ENG
Championship match schedule rain alert ki wajah se shift hua,hua,URD
Head coach ne team lineup final decision announcement kar diya,Head,ENG
Head coach ne team lineup final decision announcement kar diya,coach,ENG
Head coach ne team lineup final decision announcement kar diya,ne,URD
Head coach ne team lineup final decision announcement kar diya,team,ENG
Head coach ne team lineup final decision announcement kar diya,lineup,ENG
Head coach ne team lineup final decision announcement kar diya,final,ENG
Head coach ne team lineup final decision announcement kar diya,decision,ENG
Head coach ne team lineup final decision announcement kar diya,announcement,ENG
Head coach ne team lineup final decision announcement kar diya,kar,URD
Head coach ne team lineup final decision announcement kar diya,diya,URD
Cricket board ne player fitness test result publish kar diya,Cricket,ENG
Cricket board ne player fitness test result publish kar diya,board,ENG
Cricket board ne player fitness test result publish kar diya,ne,URD
Cricket board ne player fitness test result publish kar diya,player,ENG
Cricket board ne player fitness test result publish kar diya,fitness,ENG
Cricket board ne player fitness test result publish kar diya,test,ENG
Cricket board ne player fitness test result publish kar diya,result,ENG
Cricket board ne player fitness test result publish kar diya,publish,ENG
Cricket board ne player fitness test result publish kar diya,kar,URD
Cricket board ne player fitness test result publish kar diya,diya,URD
Stadium management ne ticketing system digitalize kar diya hai,Stadium,ENG
Stadium management ne ticketing system digitalize kar diya hai,management,ENG
Stadium management ne ticketing system digitalize kar diya hai,ne,URD
Stadium management ne ticketing system digitalize kar diya hai,ticketing,ENG
Stadium management ne ticketing system digitalize kar diya hai,system,ENG
Stadium management ne ticketing system digitalize kar diya hai,digitalize,ENG
Stadium management ne ticketing system digitalize kar diya hai,kar,URD
Stadium management ne ticketing system digitalize kar diya hai,diya,URD
Stadium management ne ticketing system digitalize kar diya hai,hai,URD
Young bowler ne hat trick performance record ki aaj,Young,ENG
Young bowler ne hat trick performance record ki aaj,bowler,ENG
Young bowler ne hat trick performance record ki aaj,ne,URD
Young bowler ne hat trick performance record ki aaj,hat,ENG
Young bowler ne hat trick performance record ki aaj,trick,ENG
Young bowler ne hat trick performance record ki aaj,performance,ENG
Young bowler ne hat trick performance record ki aaj,record,ENG
Young bowler ne hat trick performance record ki aaj,ki,URD
Young bowler ne hat trick performance record ki aaj,aaj,URD
Heavy smog alert ki wajah se schools close rahenge,Heavy,ENG
Heavy smog alert ki wajah se schools close rahenge,smog,ENG
Heavy smog alert ki wajah se schools close rahenge,alert,ENG
Heavy smog alert ki wajah se schools close rahenge,ki,URD
Heavy smog alert ki wajah se schools close rahenge,wajah,URD
Heavy smog alert ki wajah se schools close rahenge,se,URD
Heavy smog alert ki wajah se schools close rahenge,schools,ENG
Heavy smog alert ki wajah se schools close rahenge,close,ENG
Heavy smog alert ki wajah se schools close rahenge,rahenge,URD
Traffic police ne highway safety camera system activate kiya,Traffic,ENG
Traffic police ne highway safety camera system activate kiya,police,ENG
Traffic police ne highway safety camera system activate kiya,ne,URD
Traffic police ne highway safety camera system activate kiya,highway,ENG
Traffic police ne highway safety camera system activate kiya,safety,ENG
Traffic police ne highway safety camera system activate kiya,camera,ENG
Traffic police ne highway safety camera system activate kiya,system,ENG
Traffic police ne highway safety camera system activate kiya,activate,ENG
Traffic police ne highway safety camera system activate kiya,kiya,URD
Metro bus service route emergency work ki waja se divert hua,Metro,ENG
Metro bus service route emergency work ki waja se divert hua,bus,ENG
Metro bus service route emergency work ki waja se divert hua,service,ENG
Metro bus service route emergency work ki waja se divert hua,route,ENG
Metro bus service route emergency work ki waja se divert hua,emergency,ENG
Metro bus service route emergency work ki waja se divert hua,work,ENG
Metro bus service route emergency work ki waja se divert hua,ki,URD
Metro bus service route emergency work ki waja se divert hua,waja,URD
Metro bus service route emergency work ki waja se divert hua,se,URD
Metro bus service route emergency work ki waja se divert hua,divert,ENG
Metro bus service route emergency work ki waja se divert hua,hua,URD
Power shutdown notice city electric supplier ne issue kiya,Power,ENG
Power shutdown notice city electric supplier ne issue kiya,shutdown,ENG
Power shutdown notice city electric supplier ne issue kiya,notice,ENG
Power shutdown notice city electric supplier ne issue kiya,city,ENG
Power shutdown notice city electric supplier ne issue kiya,electric,ENG
Power shutdown notice city electric supplier ne issue kiya,supplier,ENG
Power shutdown notice city electric supplier ne issue kiya,ne,URD
Power shutdown notice city electric supplier ne issue kiya,issue,ENG
Power shutdown notice city electric supplier ne issue kiya,kiya,URD
Clean green drive project municipality team start karne wali hai,Clean,ENG
Clean green drive project municipality team start karne wali hai,green,ENG
Clean green drive project municipality team start karne wali hai,drive,ENG
Clean green drive project municipality team start karne wali hai,project,ENG
Clean green drive project municipality team start karne wali hai,municipality,ENG
Clean green drive project municipality team start karne wali hai,team,ENG
Clean green drive project municipality team start karne wali hai,start,ENG
Clean green drive project municipality team start karne wali hai,karne,URD
Clean green drive project municipality team start karne wali hai,wali,URD
Clean green drive project municipality team start karne wali hai,hai,URD
Board exams date sheet change hone se students relax hue,Board,ENG
Board exams date sheet change hone se students relax hue,exams,ENG
Board exams date sheet change hone se students relax hue,date,ENG
Board exams date sheet change hone se students relax hue,sheet,ENG
Board exams date sheet change hone se students relax hue,change,ENG
Board exams date sheet change hone se students relax hue,hone,URD
Board exams date sheet change hone se students relax hue,se,URD
Board exams date sheet change hone se students relax hue,students,ENG
Board exams date sheet change hone se students relax hue,relax,ENG
Board exams date sheet change hone se students relax hue,hue,URD
University merit list upload hone me delay expected hai,University,ENG
University merit list upload hone me delay expected hai,merit,ENG
University merit list upload hone me delay expected hai,list,ENG
University merit list upload hone me delay expected hai,upload,ENG
University merit list upload hone me delay expected hai,hone,URD
University merit list upload hone me delay expected hai,me,URD
University merit list upload hone me delay expected hai,delay,ENG
University merit list upload hone me delay expected hai,expected,ENG
University merit list upload hone me delay expected hai,hai,URD
Scholarship application process complete online system par available hai,Scholarship,ENG
Scholarship application process complete online system par available hai,application,ENG
Scholarship application process complete online system par available hai,process,ENG
Scholarship application process complete online system par available hai,complete,ENG
Scholarship application process complete online system par available hai,online,ENG
Scholarship application process complete online system par available hai,system,ENG
Scholarship application process complete online system par available hai,par,URD
Scholarship application process complete online system par available hai,available,ENG
Scholarship application process complete online system par available hai,hai,URD
Higher Education Department ne mandatory attendance rule update kiya,Higher,ENG
Higher Education Department ne mandatory attendance rule update kiya,Education,ENG
Higher Education Department ne mandatory attendance rule update kiya,Department,ENG
Higher Education Department ne mandatory attendance rule update kiya,ne,URD
Higher Education Department ne mandatory attendance rule update kiya,mandatory,ENG
Higher Education Department ne mandatory attendance rule update kiya,attendance,ENG
Higher Education Department ne mandatory attendance rule update kiya,rule,ENG
Higher Education Department ne mandatory attendance rule update kiya,update,ENG
Higher Education Department ne mandatory attendance rule update kiya,kiya,URD
Higher entry test pattern change karne ki proposal review hui,Higher,ENG
Higher entry test pattern change karne ki proposal review hui,entry,ENG
Higher entry test pattern change karne ki proposal review hui,test,ENG
Higher entry test pattern change karne ki proposal review hui,pattern,ENG
Higher entry test pattern change karne ki proposal review hui,change,ENG
Higher entry test pattern change karne ki proposal review hui,karne,URD
Higher entry test pattern change karne ki proposal review hui,ki,URD
Higher entry test pattern change karne ki proposal review hui,proposal,ENG
Higher entry test pattern change karne ki proposal review hui,review,ENG
Higher entry test pattern change karne ki proposal review hui,hui,URD
Documentary trailer drop hotay hi viral trend ban gaya,Documentary,ENG
Documentary trailer drop hotay hi viral trend ban gaya,trailer,ENG
Documentary trailer drop hotay hi viral trend ban gaya,drop,ENG
Documentary trailer drop hotay hi viral trend ban gaya,hotay,URD
Documentary trailer drop hotay hi viral trend ban gaya,hi,URD
Documentary trailer drop hotay hi viral trend ban gaya,viral,ENG
Documentary trailer drop hotay hi viral trend ban gaya,trend,ENG
Documentary trailer drop hotay hi viral trend ban gaya,ban,URD
Documentary trailer drop hotay hi viral trend ban gaya,gaya,URD
New movie box office opening weekend target complete kar chuki,New,ENG
New movie box office opening weekend target complete kar chuki,movie,ENG
New movie box office opening weekend target complete kar chuki,box,ENG
New movie box office opening weekend target complete kar chuki,office,ENG
New movie box office opening weekend target complete kar chuki,opening,ENG
New movie box office opening weekend target complete kar chuki,weekend,ENG
New movie box office opening weekend target complete kar chuki,target,ENG
New movie box office opening weekend target complete kar chuki,complete,ENG
New movie box office opening weekend target complete kar chuki,kar,URD
New movie box office opening weekend target complete kar chuki,chuki,URD
Content creator ne streaming channel subscriber milestone achieve kiya,Content,ENG
Content creator ne streaming channel subscriber milestone achieve kiya,creator,ENG
Content creator ne streaming channel subscriber milestone achieve kiya,ne,URD
Content creator ne streaming channel subscriber milestone achieve kiya,streaming,ENG
Content creator ne streaming channel subscriber milestone achieve kiya,channel,ENG
Content creator ne streaming channel subscriber milestone achieve kiya,subscriber,ENG
Content creator ne streaming channel subscriber milestone achieve kiya,milestone,ENG
Content creator ne streaming channel subscriber milestone achieve kiya,achieve,ENG
Content creator ne streaming channel subscriber milestone achieve kiya,kiya,URD
Celebrity interview clip overall social media trend ban gayi,Celebrity,ENG
Celebrity interview clip overall social media trend ban gayi,interview,ENG
Celebrity interview clip overall social media trend ban gayi,clip,ENG
Celebrity interview clip overall social media trend ban gayi,overall,ENG
Celebrity interview clip overall social media trend ban gayi,social,ENG
Celebrity interview clip overall social media trend ban gayi,media,ENG
Celebrity interview clip overall social media trend ban gayi,trend,ENG
Celebrity interview clip overall social media trend ban gayi,ban,URD
Celebrity interview clip overall social media trend ban gayi,gayi,URD
New model training process complete ho gaya hai,New,ENG
New model training process complete ho gaya hai,model,ENG
New model training process complete ho gaya hai,training,ENG
New model training process complete ho gaya hai,process,ENG
New model training process complete ho gaya hai,complete,ENG
New model training process complete ho gaya hai,ho,URD
New model training process complete ho gaya hai,gaya,URD
New model training process complete ho gaya hai,hai,URD
Is dataset me word level tokenization apply karni padegi,Is,URD
Is dataset me word level tokenization apply karni padegi,dataset,ENG
Is dataset me word level tokenization apply karni padegi,me,URD
Is dataset me word level tokenization apply karni padegi,word,ENG
Is dataset me word level tokenization apply karni padegi,level,ENG
Is dataset me word level tokenization apply karni padegi,tokenization,ENG
Is dataset me word level tokenization apply karni padegi,apply,ENG
Is dataset me word level tokenization apply karni padegi,karni,URD
Is dataset me word level tokenization apply karni padegi,padegi,URD
Server response delay ki waja se connection timeout hua,Server,ENG
Server response delay ki waja se connection timeout hua,response,ENG
Server response delay ki waja se connection timeout hua,delay,ENG
Server response delay ki waja se connection timeout hua,ki,URD
Server response delay ki waja se connection timeout hua,waja,URD
Server response delay ki waja se connection timeout hua,se,URD
Server response delay ki waja se connection timeout hua,connection,ENG
Server response delay ki waja se connection timeout hua,timeout,ENG
Server response delay ki waja se connection timeout hua,hua,URD
Local machine par GPU memory limit exceed kar gayi,Local,ENG
Local machine par GPU memory limit exceed kar gayi,machine,ENG
Local machine par GPU memory limit exceed kar gayi,par,URD
Local machine par GPU memory limit exceed kar gayi,GPU,ENG
Local machine par GPU memory limit exceed kar gayi,memory,ENG
Local machine par GPU memory limit exceed kar gayi,limit,ENG
Local machine par GPU memory limit exceed kar gayi,exceed,ENG
Local machine par GPU memory limit exceed kar gayi,kar,URD
Local machine par GPU memory limit exceed kar gayi,gayi,URD
Pro player ne clutch round win kar ke match bacha liya,Pro,ENG
Pro player ne clutch round win kar ke match bacha liya,player,ENG
Pro player ne clutch round win kar ke match bacha liya,ne,URD
Pro player ne clutch round win kar ke match bacha liya,clutch,ENG
Pro player ne clutch round win kar ke match bacha liya,round,ENG
Pro player ne clutch round win kar ke match bacha liya,win,ENG
Pro player ne clutch round win kar ke match bacha liya,kar,URD
Pro player ne clutch round win kar ke match bacha liya,ke,URD
Pro player ne clutch round win kar ke match bacha liya,match,ENG
Pro player ne clutch round win kar ke match bacha liya,bacha,URD
Pro player ne clutch round win kar ke match bacha liya,liya,URD
Game update ke baad ping issue solve nahi hua,Game,ENG
Game update ke baad ping issue solve nahi hua,update,ENG
Game update ke baad ping issue solve nahi hua,ke,URD
Game update ke baad ping issue solve nahi hua,baad,URD
Game update ke baad ping issue solve nahi hua,ping,ENG
Game update ke baad ping issue solve nahi hua,issue,ENG
Game update ke baad ping issue solve nahi hua,solve,ENG
Game update ke baad ping issue solve nahi hua,nahi,URD
Game update ke baad ping issue solve nahi hua,hua,URD
Team captain ne team fight decision change kar diya,Team,ENG
Team captain ne team fight decision change kar diya,captain,ENG
Team captain ne team fight decision change kar diya,ne,URD
Team captain ne team fight decision change kar diya,team,ENG
Team captain ne team fight decision change kar diya,fight,ENG
Team captain ne team fight decision change kar diya,decision,ENG
Team captain ne team fight decision change kar diya,change,ENG
Team captain ne team fight decision change kar diya,kar,URD
Team captain ne team fight decision change kar diya,diya,URD
New season battle pass discount rate par available hai,New,ENG
New season battle pass discount rate par available hai,season,ENG
New season battle pass discount rate par available hai,battle,ENG
New season battle pass discount rate par available hai,pass,ENG
New season battle pass discount rate par available hai,discount,ENG
New season battle pass discount rate par available hai,rate,ENG
New season battle pass discount rate par available hai,par,URD
New season battle pass discount rate par available hai,available,ENG
New season battle pass discount rate par available hai,hai,URD
Client meeting link update karna bhool gaya main,Client,ENG
Client meeting link update karna bhool gaya main,meeting,ENG
Client meeting link update karna bhool gaya main,link,ENG
Client meeting link update karna bhool gaya main,update,ENG
Client meeting link update karna bhool gaya main,karna,URD
Client meeting link update karna bhool gaya main,bhool,URD
Client meeting link update karna bhool gaya main,gaya,URD
Client meeting link update karna bhool gaya main,main,URD
Is freelance project ki milestone deadline verify kar lo,Is,URD
Is freelance project ki milestone deadline verify kar lo,freelance,ENG
Is freelance project ki milestone deadline verify kar lo,project,ENG
Is freelance project ki milestone deadline verify kar lo,ki,URD
Is freelance project ki milestone deadline verify kar lo,milestone,ENG
Is freelance project ki milestone deadline verify kar lo,deadline,ENG
Is freelance project ki milestone deadline verify kar lo,verify,ENG
Is freelance project ki milestone deadline verify kar lo,kar,URD
Is freelance project ki milestone deadline verify kar lo,lo,URD
Team manager ne overall project progress admire ki,Team,ENG
Team manager ne overall project progress admire ki,manager,ENG
Team manager ne overall project progress admire ki,ne,URD
Team manager ne overall project progress admire ki,overall,ENG
Team manager ne overall project progress admire ki,project,ENG
Team manager ne overall project progress admire ki,progress,ENG
Team manager ne overall project progress admire ki,admire,ENG
Team manager ne overall project progress admire ki,ki,URD
Portfolio website UI design fast response de raha hai,Portfolio,ENG
Portfolio website UI design fast response de raha hai,website,ENG
Portfolio website UI design fast response de raha hai,UI,ENG
Portfolio website UI design fast response de raha hai,design,ENG
Portfolio website UI design fast response de raha hai,fast,ENG
Portfolio website UI design fast response de raha hai,response,ENG
Portfolio website UI design fast response de raha hai,de,URD
Portfolio website UI design fast response de raha hai,raha,URD
Portfolio website UI design fast response de raha hai,hai,URD
Airport security check queue bohot long thi aaj,Airport,ENG
Airport security check queue bohot long thi aaj,security,ENG
Airport security check queue bohot long thi aaj,check,ENG
Airport security check queue bohot long thi aaj,queue,ENG
Airport security check queue bohot long thi aaj,bohot,URD
Airport security check queue bohot long thi aaj,long,ENG
Airport security check queue bohot long thi aaj,thi,URD
Airport security check queue bohot long thi aaj,aaj,URD
Express train timing change hone se schedule disturb hua,Express,ENG
Express train timing change hone se schedule disturb hua,train,ENG
Express train timing change hone se schedule disturb hua,timing,ENG
Express train timing change hone se schedule disturb hua,change,ENG
Express train timing change hone se schedule disturb hua,hone,URD
Express train timing change hone se schedule disturb hua,se,URD
Express train timing change hone se schedule disturb hua,schedule,ENG
Express train timing change hone se schedule disturb hua,disturb,ENG
Express train timing change hone se schedule disturb hua,hua,URD
City bypass highway track maintenance under process hai,City,ENG
City bypass highway track maintenance under process hai,bypass,ENG
City bypass highway track maintenance under process hai,highway,ENG
City bypass highway track maintenance under process hai,track,ENG
City bypass highway track maintenance under process hai,maintenance,ENG
City bypass highway track maintenance under process hai,under,ENG
City bypass highway track maintenance under process hai,process,ENG
City bypass highway track maintenance under process hai,hai,URD
Electric bus route launching event delay ho gaya hai,Electric,ENG
Electric bus route launching event delay ho gaya hai,bus,ENG
Electric bus route launching event delay ho gaya hai,route,ENG
Electric bus route launching event delay ho gaya hai,launching,ENG
Electric bus route launching event delay ho gaya hai,event,ENG
Electric bus route launching event delay ho gaya hai,delay,ENG
Electric bus route launching event delay ho gaya hai,ho,URD
Electric bus route launching event delay ho gaya hai,gaya,URD
Electric bus route launching event delay ho gaya hai,hai,URD
Online shopping app mega sale discount offer de rahi hai,Online,ENG
Online shopping app mega sale discount offer de rahi hai,shopping,ENG
Online shopping app mega sale discount offer de rahi hai,app,ENG
Online shopping app mega sale discount offer de rahi hai,mega,ENG
Online shopping app mega sale discount offer de rahi hai,sale,ENG
Online shopping app mega sale discount offer de rahi hai,discount,ENG
Online shopping app mega sale discount offer de rahi hai,offer,ENG
Online shopping app mega sale discount offer de rahi hai,de,URD
Online shopping app mega sale discount offer de rahi hai,rahi,URD
Online shopping app mega sale discount offer de rahi hai,hai,URD
Cinema hall booking system crash hone se public annoyed thi,Cinema,ENG
Cinema hall booking system crash hone se public annoyed thi,hall,ENG
Cinema hall booking system crash hone se public annoyed thi,booking,ENG
Cinema hall booking system crash hone se public annoyed thi,system,ENG
Cinema hall booking system crash hone se public annoyed thi,crash,ENG
Cinema hall booking system crash hone se public annoyed thi,hone,URD
Cinema hall booking system crash hone se public annoyed thi,se,URD
Cinema hall booking system crash hone se public annoyed thi,public,ENG
Cinema hall booking system crash hone se public annoyed thi,annoyed,ENG
Cinema hall booking system crash hone se public annoyed thi,thi,URD
New smartphone camera sensor performance top class hai,New,ENG
New smartphone camera sensor performance top class hai,smartphone,ENG
New smartphone camera sensor performance top class hai,camera,ENG
New smartphone camera sensor performance top class hai,sensor,ENG
New smartphone camera sensor performance top class hai,performance,ENG
New smartphone camera sensor performance top class hai,top,ENG
New smartphone camera sensor performance top class hai,class,ENG
New smartphone camera sensor performance top class hai,hai,URD
Wireless earbuds battery life expect se double mili,Wireless,ENG
Wireless earbuds battery life expect se double mili,earbuds,ENG
Wireless earbuds battery life expect se double mili,battery,ENG
Wireless earbuds battery life expect se double mili,life,ENG
Wireless earbuds battery life expect se double mili,expect,ENG
Wireless earbuds battery life expect se double mili,se,URD
Wireless earbuds battery life expect se double mili,double,ENG
Wireless earbuds battery life expect se double mili,mili,URD
Semester final grade report portal par display ho gayi,Semester,ENG
Semester final grade report portal par display ho gayi,final,ENG
Semester final grade report portal par display ho gayi,grade,ENG
Semester final grade report portal par display ho gayi,report,ENG
Semester final grade report portal par display ho gayi,portal,ENG
Semester final grade report portal par display ho gayi,par,URD
Semester final grade report portal par display ho gayi,display,ENG
Semester final grade report portal par display ho gayi,ho,URD
Semester final grade report portal par display ho gayi,gayi,URD
Library card extension request form submit kar diya hai,Library,ENG
Library card extension request form submit kar diya hai,card,ENG
Library card extension request form submit kar diya hai,extension,ENG
Library card extension request form submit kar diya hai,request,ENG
Library card extension request form submit kar diya hai,form,ENG
Library card extension request form submit kar diya hai,submit,ENG
Library card extension request form submit kar diya hai,kar,URD
Library card extension request form submit kar diya hai,diya,URD
Library card extension request form submit kar diya hai,hai,URD
Campus canteen management quality review meeting schedule hui,Campus,ENG
Campus canteen management quality review meeting schedule hui,canteen,ENG
Campus canteen management quality review meeting schedule hui,management,ENG
Campus canteen management quality review meeting schedule hui,quality,ENG
Campus canteen management quality review meeting schedule hui,review,ENG
Campus canteen management quality review meeting schedule hui,meeting,ENG
Campus canteen management quality review meeting schedule hui,schedule,ENG
Campus canteen management quality review meeting schedule hui,hui,URD
Research paper abstract submission date delay ho sakti hai,Research,ENG
Research paper abstract submission date delay ho sakti hai,paper,ENG
Research paper abstract submission date delay ho sakti hai,abstract,ENG
Research paper abstract submission date delay ho sakti hai,submission,ENG
Research paper abstract submission date delay ho sakti hai,date,ENG
Research paper abstract submission date delay ho sakti hai,delay,ENG
Research paper abstract submission date delay ho sakti hai,ho,URD
Research paper abstract submission date delay ho sakti hai,sakti,URD
Research paper abstract submission date delay ho sakti hai,hai,URD
grade report portal par display,grade,ENG
grade report portal par display,report,ENG
grade report portal par display,portal,ENG
grade report portal par display,par,URD
grade report portal par display,display,URD
Mene ajj boht acha Pasta Khaya,Mene,URD
Mene ajj boht acha Pasta Khaya,ajj,URD
Mene ajj boht acha Pasta Khaya,boht,URD
Mene ajj boht acha Pasta Khaya,acha,URD
Mene ajj boht acha Pasta Khaya,Pasta,ENG
Mene ajj boht acha Pasta Khaya,Khaya,URD
Ajj Ten Class Ka Result Tha,Ajj,URD
Ajj Ten Class Ka Result Tha,Ten,ENG
Ajj Ten Class Ka Result Tha,Class,ENG
Ajj Ten Class Ka Result Tha,Ka,URD
Ajj Ten Class Ka Result Tha,Result,ENG
Ajj Ten Class Ka Result Tha,Tha,URD
Sit Down Beta,Sit,ENG
Sit Down Beta,Down,ENG
Sit Down Beta,Beta,URD
Mujhe new feature update request handle karni hai,Mujhe,URD
Mujhe new feature update request handle karni hai,new,ENG
Mujhe new feature update request handle karni hai,feature,ENG
Mujhe new feature update request handle karni hai,update,ENG
Mujhe new feature update request handle karni hai,request,ENG
Mujhe new feature update request handle karni hai,handle,ENG
Mujhe new feature update request handle karni hai,karni,URD
Mujhe new feature update request handle karni hai,hai,URD
Kal office session me feedback round organize hua,Kal,URD
Kal office session me feedback round organize hua,office,ENG
Kal office session me feedback round organize hua,session,ENG
Kal office session me feedback round organize hua,me,URD
Kal office session me feedback round organize hua,feedback,ENG
Kal office session me feedback round organize hua,round,ENG
Kal office session me feedback round organize hua,organize,ENG
Kal office session me feedback round organize hua,hua,URD
Is mobile phone ki camera quality bohot sharp hai,Is,URD
Is mobile phone ki camera quality bohot sharp hai,mobile,ENG
Is mobile phone ki camera quality bohot sharp hai,phone,ENG
Is mobile phone ki camera quality bohot sharp hai,ki,URD
Is mobile phone ki camera quality bohot sharp hai,camera,ENG
Is mobile phone ki camera quality bohot sharp hai,quality,ENG
Is mobile phone ki camera quality bohot sharp hai,bohot,URD
Is mobile phone ki camera quality bohot sharp hai,sharp,ENG
Is mobile phone ki camera quality bohot sharp hai,hai,URD
System backup file complete download ho gayi hai,System,ENG
System backup file complete download ho gayi hai,backup,ENG
System backup file complete download ho gayi hai,file,ENG
System backup file complete download ho gayi hai,complete,ENG
System backup file complete download ho gayi hai,download,ENG
System backup file complete download ho gayi hai,ho,URD
System backup file complete download ho gayi hai,gayi,URD
System backup file complete download ho gayi hai,hai,URD
Aaj night team meeting timing confirm kar do,Aaj,URD
Aaj night team meeting timing confirm kar do,night,ENG
Aaj night team meeting timing confirm kar do,team,ENG
Aaj night team meeting timing confirm kar do,meeting,ENG
Aaj night team meeting timing confirm kar do,timing,ENG
Aaj night team meeting timing confirm kar do,confirm,ENG
Aaj night team meeting timing confirm kar do,kar,URD
Aaj night team meeting timing confirm kar do,do,URD
Mera browser history clear karna padega abhi,Mera,URD
Mera browser history clear karna padega abhi,browser,ENG
Mera browser history clear karna padega abhi,history,ENG
Mera browser history clear karna padega abhi,clear,ENG
Mera browser history clear karna padega abhi,karna,URD
Mera browser history clear karna padega abhi,padega,URD
Mera browser history clear karna padega abhi,abhi,URD
Network signal failure ki waja se call drop hui,Network,ENG
Network signal failure ki waja se call drop hui,signal,ENG
Network signal failure ki waja se call drop hui,failure,ENG
Network signal failure ki waja se call drop hui,ki,URD
Network signal failure ki waja se call drop hui,waja,URD
Network signal failure ki waja se call drop hui,se,URD
Network signal failure ki waja se call drop hui,call,ENG
Network signal failure ki waja se call drop hui,drop,ENG
Network signal failure ki waja se call drop hui,hui,URD
Software license expiry notification receive hua hai aaj,Software,ENG
Software license expiry notification receive hua hai aaj,license,ENG
Software license expiry notification receive hua hai aaj,expiry,ENG
Software license expiry notification receive hua hai aaj,notification,ENG
Software license expiry notification receive hua hai aaj,receive,ENG
Software license expiry notification receive hua hai aaj,hua,URD
Software license expiry notification receive hua hai aaj,hai,URD
Software license expiry notification receive hua hai aaj,aaj,URD
Project timeline schedule adjust karna zaroori hai,Project,ENG
Project timeline schedule adjust karna zaroori hai,timeline,ENG
Project timeline schedule adjust karna zaroori hai,schedule,ENG
Project timeline schedule adjust karna zaroori hai,adjust,ENG
Project timeline schedule adjust karna zaroori hai,karna,URD
Project timeline schedule adjust karna zaroori hai,zaroori,URD
Project timeline schedule adjust karna zaroori hai,hai,URD
New design template client ko preview karwa diya,New,ENG
New design template client ko preview karwa diya,design,ENG
New design template client ko preview karwa diya,template,ENG
New design template client ko preview karwa diya,client,ENG
New design template client ko preview karwa diya,ko,URD
New design template client ko preview karwa diya,preview,ENG
New design template client ko preview karwa diya,karwa,URD
New design template client ko preview karwa diya,diya,URD
Is code repository me main branch lock hai,Is,URD
Is code repository me main branch lock hai,code,ENG
Is code repository me main branch lock hai,repository,ENG
Is code repository me main branch lock hai,me,URD
Is code repository me main branch lock hai,main,ENG
Is code repository me main branch lock hai,branch,ENG
Is code repository me main branch lock hai,lock,ENG
Is code repository me main branch lock hai,hai,URD
Mera server connection sudden lost ho gaya,Mera,URD
Mera server connection sudden lost ho gaya,server,ENG
Mera server connection sudden lost ho gaya,connection,ENG
Mera server connection sudden lost ho gaya,sudden,ENG
Mera server connection sudden lost ho gaya,lost,ENG
Mera server connection sudden lost ho gaya,ho,URD
Mera server connection sudden lost ho gaya,gaya,URD
Aaj online portal par new assignment upload hui,Aaj,URD
Aaj online portal par new assignment upload hui,online,ENG
Aaj online portal par new assignment upload hui,portal,ENG
Aaj online portal par new assignment upload hui,par,URD
Aaj online portal par new assignment upload hui,new,ENG
Aaj online portal par new assignment upload hui,assignment,ENG
Aaj online portal par new assignment upload hui,upload,ENG
Aaj online portal par new assignment upload hui,hui,URD
Is product ka user feedback bohot positive aaya,Is,URD
Is product ka user feedback bohot positive aaya,product,ENG
Is product ka user feedback bohot positive aaya,ka,URD
Is product ka user feedback bohot positive aaya,user,ENG
Is product ka user feedback bohot positive aaya,feedback,ENG
Is product ka user feedback bohot positive aaya,bohot,URD
Is product ka user feedback bohot positive aaya,positive,ENG
Is product ka user feedback bohot positive aaya,aaya,URD
Bhai project documentation submit kar di hai,Bhai,URD
Bhai project documentation submit kar di hai,project,ENG
Bhai project documentation submit kar di hai,documentation,ENG
Bhai project documentation submit kar di hai,submit,ENG
Bhai project documentation submit kar di hai,kar,URD
Bhai project documentation submit kar di hai,di,URD
Bhai project documentation submit kar di hai,hai,URD
Kal night match me team performance brilliant thi,Kal,URD
Kal night match me team performance brilliant thi,night,ENG
Kal night match me team performance brilliant thi,match,ENG
Kal night match me team performance brilliant thi,me,URD
Kal night match me team performance brilliant thi,team,ENG
Kal night match me team performance brilliant thi,performance,ENG
Kal night match me team performance brilliant thi,brilliant,ENG
Kal night match me team performance brilliant thi,thi,URD
Higher authority ne official notification issue kiya,Higher,ENG
Higher authority ne official notification issue kiya,authority,ENG
Higher authority ne official notification issue kiya,ne,URD
Higher authority ne official notification issue kiya,official,ENG
Higher authority ne official notification issue kiya,notification,ENG
Higher authority ne official notification issue kiya,issue,ENG
Higher authority ne official notification issue kiya,kiya,URD
Mujhe current location pin detail send kar do,Mujhe,URD
Mujhe current location pin detail send kar do,current,ENG
Mujhe current location pin detail send kar do,location,ENG
Mujhe current location pin detail send kar do,pin,ENG
Mujhe current location pin detail send kar do,detail,ENG
Mujhe current location pin detail send kar do,send,ENG
Mujhe current location pin detail send kar do,kar,URD
Mujhe current location pin detail send kar do,do,URD
Is account key security settings change ho gayi,Is,URD
Is account key security settings change ho gayi,account,ENG
Is account key security settings change ho gayi,key,URD
Is account key security settings change ho gayi,security,ENG
Is account key security settings change ho gayi,settings,ENG
Is account key security settings change ho gayi,change,ENG
Is account key security settings change ho gayi,ho,URD
Is account key security settings change ho gayi,gayi,URD
New update installation process background me active hai,New,ENG
New update installation process background me active hai,update,ENG
New update installation process background me active hai,installation,ENG
New update installation process background me active hai,process,ENG
New update installation process background me active hai,background,ENG
New update installation process background me active hai,me,URD
New update installation process background me active hai,active,ENG
New update installation process background me active hai,hai,URD
Mera laptop charger cable completely damage ho gaya,Mera,URD
Mera laptop charger cable completely damage ho gaya,laptop,ENG
Mera laptop charger cable completely damage ho gaya,charger,ENG
Mera laptop charger cable completely damage ho gaya,cable,ENG
Mera laptop charger cable completely damage ho gaya,completely,ENG
Mera laptop charger cable completely damage ho gaya,damage,ENG
Mera laptop charger cable completely damage ho gaya,ho,URD
Mera laptop charger cable completely damage ho gaya,gaya,URD
Bhai payment confirmation email screen record kar lo,Bhai,URD
Bhai payment confirmation email screen record kar lo,payment,ENG
Bhai payment confirmation email screen record kar lo,confirmation,ENG
Bhai payment confirmation email screen record kar lo,email,ENG
Bhai payment confirmation email screen record kar lo,screen,ENG
Bhai payment confirmation email screen record kar lo,record,ENG
Bhai payment confirmation email screen record kar lo,kar,URD
Bhai payment confirmation email screen record kar lo,lo,URD
Is training module me key points highlight kiye,Is,URD
Is training module me key points highlight kiye,training,ENG
Is training module me key points highlight kiye,module,ENG
Is training module me key points highlight kiye,me,URD
Is training module me key points highlight kiye,key,ENG
Is training module me key points highlight kiye,points,ENG
Is training module me key points highlight kiye,highlight,ENG
Is training module me key points highlight kiye,kiye,URD
State bank ne official policy guidelines issue ki,State,ENG
State bank ne official policy guidelines issue ki,bank,ENG
State bank ne official policy guidelines issue ki,ne,URD
State bank ne official policy guidelines issue ki,official,ENG
State bank ne official policy guidelines issue ki,policy,ENG
State bank ne official policy guidelines issue ki,guidelines,ENG
State bank ne official policy guidelines issue ki,issue,ENG
State bank ne official policy guidelines issue ki,ki,URD
Kal morning me live stream session start hoga,Kal,URD
Kal morning me live stream session start hoga,morning,ENG
Kal morning me live stream session start hoga,me,URD
Kal morning me live stream session start hoga,live,ENG
Kal morning me live stream session start hoga,stream,ENG
Kal morning me live stream session start hoga,session,ENG
Kal morning me live stream session start hoga,start,ENG
Kal morning me live stream session start hoga,hoga,URD
Customer support care team ne issue resolve kiya,Customer,ENG
Customer support care team ne issue resolve kiya,support,ENG
Customer support care team ne issue resolve kiya,care,ENG
Customer support care team ne issue resolve kiya,team,ENG
Customer support care team ne issue resolve kiya,ne,URD
Customer support care team ne issue resolve kiya,issue,ENG
Customer support care team ne issue resolve kiya,resolve,ENG
Customer support care team ne issue resolve kiya,kiya,URD
Is file ka download progress stuck ho gaya,Is,URD
Is file ka download progress stuck ho gaya,file,ENG
Is file ka download progress stuck ho gaya,ka,URD
Is file ka download progress stuck ho gaya,download,ENG
Is file ka download progress stuck ho gaya,progress,ENG
Is file ka download progress stuck ho gaya,stuck,ENG
Is file ka download progress stuck ho gaya,ho,URD
Is file ka download progress stuck ho gaya,gaya,URD
Wireless earphone audio balance clear nahi hai,Wireless,ENG
Wireless earphone audio balance clear nahi hai,earphone,ENG
Wireless earphone audio balance clear nahi hai,audio,ENG
Wireless earphone audio balance clear nahi hai,balance,ENG
Wireless earphone audio balance clear nahi hai,clear,ENG
Wireless earphone audio balance clear nahi hai,nahi,URD
Wireless earphone audio balance clear nahi hai,hai,URD
Exam result card download link status active hai,Exam,ENG
Exam result card download link status active hai,result,ENG
Exam result card download link status active hai,card,ENG
Exam result card download link status active hai,download,ENG
Exam result card download link status active hai,link,ENG
Exam result card download link status active hai,status,ENG
Exam result card download link status active hai,active,ENG
Exam result card download link status active hai,hai,URD
Bhai video editor soft application install ho gayi,Bhai,URD
Bhai video editor soft application install ho gayi,video,ENG
Bhai video editor soft application install ho gayi,editor,ENG
Bhai video editor soft application install ho gayi,soft,ENG
Bhai video editor soft application install ho gayi,application,ENG
Bhai video editor soft application install ho gayi,install,ENG
Bhai video editor soft application install ho gayi,ho,URD
Bhai video editor soft application install ho gayi,gayi,URD
Smart watch notification alert delay se aa raha,Smart,ENG
Smart watch notification alert delay se aa raha,watch,ENG
Smart watch notification alert delay se aa raha,notification,ENG
Smart watch notification alert delay se aa raha,alert,ENG
Smart watch notification alert delay se aa raha,delay,ENG
Smart watch notification alert delay se aa raha,se,URD
Smart watch notification alert delay se aa raha,aa,URD
Smart watch notification alert delay se aa raha,raha,URD
Is presentation slide ka visual layout change karo,Is,URD
Is presentation slide ka visual layout change karo,presentation,ENG
Is presentation slide ka visual layout change karo,slide,ENG
Is presentation slide ka visual layout change karo,ka,URD
Is presentation slide ka visual layout change karo,visual,ENG
Is presentation slide ka visual layout change karo,layout,ENG
Is presentation slide ka visual layout change karo,change,ENG
Is presentation slide ka visual layout change karo,karo,URD
Flight booking status online modify kar diya hai,Flight,ENG
Flight booking status online modify kar diya hai,booking,ENG
Flight booking status online modify kar diya hai,status,ENG
Flight booking status online modify kar diya hai,online,ENG
Flight booking status online modify kar diya hai,modify,ENG
Flight booking status online modify kar diya hai,kar,URD
Flight booking status online modify kar diya hai,diya,URD
Flight booking status online modify kar diya hai,hai,URD
Is web application me security patch add update,Is,URD
Is web application me security patch add update,web,ENG
Is web application me security patch add update,application,ENG
Is web application me security patch add update,me,URD
Is web application me security patch add update,security,ENG
Is web application me security patch add update,patch,ENG
Is web application me security patch add update,add,ENG
Is web application me security patch add update,update,ENG
Cyber attack warning clear detail print out nikalo,Cyber,ENG
Cyber attack warning clear detail print out nikalo,attack,ENG
Cyber attack warning clear detail print out nikalo,warning,ENG
Cyber attack warning clear detail print out nikalo,clear,ENG
Cyber attack warning clear detail print out nikalo,detail,ENG
Cyber attack warning clear detail print out nikalo,print,ENG
Cyber attack warning clear detail print out nikalo,out,ENG
Cyber attack warning clear detail print out nikalo,nikalo,URD
Online order delivery driver address query kar raha,Online,ENG
Online order delivery driver address query kar raha,order,ENG
Online order delivery driver address query kar raha,delivery,ENG
Online order delivery driver address query kar raha,driver,ENG
Online order delivery driver address query kar raha,address,ENG
Online order delivery driver address query kar raha,query,ENG
Online order delivery driver address query kar raha,kar,URD
Online order delivery driver address query kar raha,raha,URD
Digital marketing strategy plan approval complete ho gayi,Digital,ENG
Digital marketing strategy plan approval complete ho gayi,marketing,ENG
Digital marketing strategy plan approval complete ho gayi,strategy,ENG
Digital marketing strategy plan approval complete ho gayi,plan,ENG
Digital marketing strategy plan approval complete ho gayi,approval,ENG
Digital marketing strategy plan approval complete ho gayi,complete,ENG
Digital marketing strategy plan approval complete ho gayi,ho,URD
Digital marketing strategy plan approval complete ho gayi,gayi,URD
Software bug reporting tool link share kar do,Software,ENG
Software bug reporting tool link share kar do,bug,ENG
Software bug reporting tool link share kar do,reporting,ENG
Software bug reporting tool link share kar do,tool,ENG
Software bug reporting tool link share kar do,link,ENG
Software bug reporting tool link share kar do,share,ENG
Software bug reporting tool link share kar do,kar,URD
Software bug reporting tool link share kar do,do,URD
Mera password reset link inbox me receive hua,Mera,URD
Mera password reset link inbox me receive hua,password,ENG
Mera password reset link inbox me receive hua,reset,ENG
Mera password reset link inbox me receive hua,link,ENG
Mera password reset link inbox me receive hua,inbox,ENG
Mera password reset link inbox me receive hua,me,URD
Mera password reset link inbox me receive hua,receive,ENG
Mera password reset link inbox me receive hua,hua,URD
Higher entry test scorecard update publish kar di,Higher,ENG
Higher entry test scorecard update publish kar di,entry,ENG
Higher entry test scorecard update publish kar di,test,ENG
Higher entry test scorecard update publish kar di,scorecard,ENG
Higher entry test scorecard update publish kar di,update,ENG
Higher entry test scorecard update publish kar di,publish,ENG
Higher entry test scorecard update publish kar di,kar,URD
Higher entry test scorecard update publish kar di,di,URD
Research team ne core data analysis publish ki,Research,ENG
Research team ne core data analysis publish ki,team,ENG
Research team ne core data analysis publish ki,ne,URD
Research team ne core data analysis publish ki,core,ENG
Research team ne core data analysis publish ki,data,ENG
Research team ne core data analysis publish ki,analysis,ENG
Research team ne core data analysis publish ki,publish,ENG
Research team ne core data analysis publish ki,ki,URD
New mobile release first week benchmark touch kiya,New,ENG
New mobile release first week benchmark touch kiya,mobile,ENG
New mobile release first week benchmark touch kiya,release,ENG
New mobile release first week benchmark touch kiya,first,ENG
New mobile release first week benchmark touch kiya,week,ENG
New mobile release first week benchmark touch kiya,benchmark,ENG
New mobile release first week benchmark touch kiya,touch,ENG
New mobile release first week benchmark touch kiya,kiya,URD
City traffic control team emergency operational guide issue,City,ENG
City traffic control team emergency operational guide issue,traffic,ENG
City traffic control team emergency operational guide issue,control,ENG
City traffic control team emergency operational guide issue,team,ENG
City traffic control team emergency operational guide issue,emergency,ENG
City traffic control team emergency operational guide issue,operational,ENG
City traffic control team emergency operational guide issue,guide,ENG
City traffic control team emergency operational guide issue,issue,ENG
Student portal login error fix solve ho gaya,Student,ENG
Student portal login error fix solve ho gaya,portal,ENG
Student portal login error fix solve ho gaya,login,ENG
Student portal login error fix solve ho gaya,error,ENG
Student portal login error fix solve ho gaya,fix,ENG
Student portal login error fix solve ho gaya,solve,ENG
Student portal login error fix solve ho gaya,ho,URD
Student portal login error fix solve ho gaya,gaya,URD
Project timeline phase two start hone wala hai,Project,ENG
Project timeline phase two start hone wala hai,timeline,ENG
Project timeline phase two start hone wala hai,phase,ENG
Project timeline phase two start hone wala hai,two,ENG
Project timeline phase two start hone wala hai,start,ENG
Project timeline phase two start hone wala hai,hone,URD
Project timeline phase two start hone wala hai,wala,URD
Project timeline phase two start hone wala hai,hai,URD
Is software release note me technical detail include,Is,URD
Is software release note me technical detail include,software,ENG
Is software release note me technical detail include,release,ENG
Is software release note me technical detail include,note,ENG
Is software release note me technical detail include,me,URD
Is software release note me technical detail include,technical,ENG
Is software release note me technical detail include,detail,ENG
Is software release note me technical detail include,include,ENG
Local event management team safety protocol follow kare,Local,ENG
Local event management team safety protocol follow kare,event,ENG
Local event management team safety protocol follow kare,management,ENG
Local event management team safety protocol follow kare,team,ENG
Local event management team safety protocol follow kare,safety,ENG
Local event management team safety protocol follow kare,protocol,ENG
Local event management team safety protocol follow kare,follow,ENG
Local event management team safety protocol follow kare,kare,URD
Mera storage memory full alert receive hone laga,Mera,URD
Mera storage memory full alert receive hone laga,storage,ENG
Mera storage memory full alert receive hone laga,memory,ENG
Mera storage memory full alert receive hone laga,full,ENG
Mera storage memory full alert receive hone laga,alert,ENG
Mera storage memory full alert receive hone laga,receive,ENG
Mera storage memory full alert receive hone laga,hone,URD
Mera storage memory full alert receive hone laga,laga,URD
Is laptop screen bright display balance sahi hai,Is,URD
Is laptop screen bright display balance sahi hai,laptop,ENG
Is laptop screen bright display balance sahi hai,screen,ENG
Is laptop screen bright display balance sahi hai,bright,ENG
Is laptop screen bright display balance sahi hai,display,ENG
Is laptop screen bright display balance sahi hai,balance,ENG
Is laptop screen bright display balance sahi hai,sahi,URD
Is laptop screen bright display balance sahi hai,hai,URD
New client onboarding process timing schedule ban gaya,New,ENG
New client onboarding process timing schedule ban gaya,client,ENG
New client onboarding process timing schedule ban gaya,onboarding,ENG
New client onboarding process timing schedule ban gaya,process,ENG
New client onboarding process timing schedule ban gaya,timing,ENG
New client onboarding process timing schedule ban gaya,schedule,ENG
New client onboarding process timing schedule ban gaya,ban,URD
New client onboarding process timing schedule ban gaya,gaya,URD
Main abhi sochoing mode mein hoon,Main,URD
Main abhi sochoing mode mein hoon,abhi,URD
Main abhi sochoing mode mein hoon,sochoing,MIX
Main abhi sochoing mode mein hoon,mode,ENG
Main abhi sochoing mode mein hoon,mein,URD
Main abhi sochoing mode mein hoon,hoon,URD
Tum bohot tensionizing baatein kar rahe ho,Tum,URD
Tum bohot tensionizing baatein kar rahe ho,bohot,URD
Tum bohot tensionizing baatein kar rahe ho,tensionizing,MIX
Tum bohot tensionizing baatein kar rahe ho,baatein,URD
Tum bohot tensionizing baatein kar rahe ho,kar,URD
Tum bohot tensionizing baatein kar rahe ho,rahe,URD
Tum bohot tensionizing baatein kar rahe ho,ho,URD
Kal hum dost log partying kar rahe thay,Kal,URD
Kal hum dost log partying kar rahe thay,hum,URD
Kal hum dost log partying kar rahe thay,dost,URD
Kal hum dost log partying kar rahe thay,log,URD
Kal hum dost log partying kar rahe thay,partying,MIX
Kal hum dost log partying kar rahe thay,kar,URD
Kal hum dost log partying kar rahe thay,rahe,URD
Kal hum dost log partying kar rahe thay,thay,URD
Car drive-ing karte hue call mat suno,Car,ENG
Car drive-ing karte hue call mat suno,drive-ing,MIX
Car drive-ing karte hue call mat suno,karte,URD
Car drive-ing karte hue call mat suno,hue,URD
Car drive-ing karte hue call mat suno,call,ENG
Car drive-ing karte hue call mat suno,mat,URD
Car drive-ing karte hue call mat suno,suno,URD
Yeh assignment bohot confusingly complex hai,Yeh,URD
Yeh assignment bohot confusingly complex hai,assignment,ENG
Yeh assignment bohot confusingly complex hai,bohot,URD
Yeh assignment bohot confusingly complex hai,confusingly,MIX
Yeh assignment bohot confusingly complex hai,complex,ENG
Yeh assignment bohot confusingly complex hai,hai,URD
Usne mujhe ignorefully look diya,Usne,URD
Usne mujhe ignorefully look diya,mujhe,URD
Usne mujhe ignorefully look diya,ignorefully,MIX
Usne mujhe ignorefully look diya,look,ENG
Usne mujhe ignorefully look diya,diya,URD
Mera mind seting nahi ho raha is pe,Mera,URD
Mera mind seting nahi ho raha is pe,mind,ENG
Mera mind seting nahi ho raha is pe,seting,MIX
Mera mind seting nahi ho raha is pe,nahi,URD
Mera mind seting nahi ho raha is pe,ho,URD
Mera mind seting nahi ho raha is pe,raha,URD
Mera mind seting nahi ho raha is pe,is,URD
Mera mind seting nahi ho raha is pe,pe,URD
Bhai thoda adjustify kar lo mere sath,Bhai,URD
Bhai thoda adjustify kar lo mere sath,thoda,URD
Bhai thoda adjustify kar lo mere sath,adjustify,MIX
Bhai thoda adjustify kar lo mere sath,kar,URD
Bhai thoda adjustify kar lo mere sath,lo,URD
Bhai thoda adjustify kar lo mere sath,mere,URD
Bhai thoda adjustify kar lo mere sath,sath,URD
Kya tum online-ification mein busy ho,Kya,URD
Kya tum online-ification mein busy ho,tum,URD
Kya tum online-ification mein busy ho,online-ification,MIX
Kya tum online-ification mein busy ho,mein,URD
Kya tum online-ification mein busy ho,busy,ENG
Kya tum online-ification mein busy ho,ho,URD
Aaj kl log bohot showoffy ho gaye hain,Aaj,URD
Aaj kl log bohot showoffy ho gaye hain,kl,URD
Aaj kl log bohot showoffy ho gaye hain,log,URD
Aaj kl log bohot showoffy ho gaye hain,bohot,URD
Aaj kl log bohot showoffy ho gaye hain,showoffy,MIX
Aaj kl log bohot showoffy ho gaye hain,ho,URD
Aaj kl log bohot showoffy ho gaye hain,gaye,URD
Aaj kl log bohot showoffy ho gaye hain,hain,URD
Mera laptop slowish perform kar raha hai,Mera,URD
Mera laptop slowish perform kar raha hai,laptop,ENG
Mera laptop slowish perform kar raha hai,slowish,MIX
Mera laptop slowish perform kar raha hai,perform,ENG
Mera laptop slowish perform kar raha hai,kar,URD
Mera laptop slowish perform kar raha hai,raha,URD
Mera laptop slowish perform kar raha hai,hai,URD
Woh bohot dramaticly react kar rahi thi,Woh,URD
Woh bohot dramaticly react kar rahi thi,bohot,URD
Woh bohot dramaticly react kar rahi thi,dramaticly,MIX
Woh bohot dramaticly react kar rahi thi,react,ENG
Woh bohot dramaticly react kar rahi thi,kar,URD
Woh bohot dramaticly react kar rahi thi,rahi,URD
Woh bohot dramaticly react kar rahi thi,thi,URD
Is plan mein bohot riskiest factors hain,Is,URD
Is plan mein bohot riskiest factors hain,plan,ENG
Is plan mein bohot riskiest factors hain,mein,URD
Is plan mein bohot riskiest factors hain,bohot,URD
Is plan mein bohot riskiest factors hain,riskiest,MIX
Is plan mein bohot riskiest factors hain,factors,ENG
Is plan mein bohot riskiest factors hain,hain,URD
Yahan light flickeringly chal rahi hai,Yahan,URD
Yahan light flickeringly chal rahi hai,light,ENG
Yahan light flickeringly chal rahi hai,flickeringly,MIX
Yahan light flickeringly chal rahi hai,chal,URD
Yahan light flickeringly chal rahi hai,rahi,URD
Yahan light flickeringly chal rahi hai,hai,URD
Tum har baat pe overthinkerish ban jate ho,Tum,URD
Tum har baat pe overthinkerish ban jate ho,har,URD
Tum har baat pe overthinkerish ban jate ho,baat,URD
Tum har baat pe overthinkerish ban jate ho,pe,URD
Tum har baat pe overthinkerish ban jate ho,overthinkerish,MIX
Tum har baat pe overthinkerish ban jate ho,ban,URD
Tum har baat pe overthinkerish ban jate ho,jate,URD
Tum har baat pe overthinkerish ban jate ho,ho,URD
Bhai game playing status check karo,Bhai,URD
Bhai game playing status check karo,game,ENG
Bhai game playing status check karo,playing,MIX
Bhai game playing status check karo,status,ENG
Bhai game playing status check karo,check,ENG
Bhai game playing status check karo,karo,URD
Mera order deliverify ho gaya hai,Mera,URD
Mera order deliverify ho gaya hai,order,ENG
Mera order deliverify ho gaya hai,deliverify,MIX
Mera order deliverify ho gaya hai,ho,URD
Mera order deliverify ho gaya hai,gaya,URD
Mera order deliverify ho gaya hai,hai,URD
Kya tune password resetify kiya hai,Kya,URD
Kya tune password resetify kiya hai,tune,URD
Kya tune password resetify kiya hai,password,ENG
Kya tune password resetify kiya hai,resetify,MIX
Kya tune password resetify kiya hai,kiya,URD
Kya tune password resetify kiya hai,hai,URD
Yeh pic bohot aestheticly pleasing hai,Yeh,URD
Yeh pic bohot aestheticly pleasing hai,pic,ENG
Yeh pic bohot aestheticly pleasing hai,bohot,URD
Yeh pic bohot aestheticly pleasing hai,aestheticly,MIX
Yeh pic bohot aestheticly pleasing hai,pleasing,ENG
Yeh pic bohot aestheticly pleasing hai,hai,URD
Flight delayment ki waja se wait karna para,Flight,ENG
Flight delayment ki waja se wait karna para,delayment,MIX
Flight delayment ki waja se wait karna para,ki,URD
Flight delayment ki waja se wait karna para,waja,URD
Flight delayment ki waja se wait karna para,se,URD
Flight delayment ki waja se wait karna para,wait,ENG
Flight delayment ki waja se wait karna para,karna,URD
Flight delayment ki waja se wait karna para,para,URD
Usne apna account verify-ing karwaya hai,Usne,URD
Usne apna account verify-ing karwaya hai,apna,URD
Usne apna account verify-ing karwaya hai,account,ENG
Usne apna account verify-ing karwaya hai,verify-ing,MIX
Usne apna account verify-ing karwaya hai,karwaya,URD
Usne apna account verify-ing karwaya hai,hai,URD
Yeh app crashy behavior de rahi hai,Yeh,URD
Yeh app crashy behavior de rahi hai,app,ENG
Yeh app crashy behavior de rahi hai,crashy,MIX
Yeh app crashy behavior de rahi hai,behavior,ENG
Yeh app crashy behavior de rahi hai,de,URD
Yeh app crashy behavior de rahi hai,rahi,URD
Yeh app crashy behavior de rahi hai,hai,URD
Thoda chillaxing mahol hona chahiye,Thoda,URD
Thoda chillaxing mahol hona chahiye,chillaxing,MIX
Thoda chillaxing mahol hona chahiye,mahol,URD
Thoda chillaxing mahol hona chahiye,hona,URD
Thoda chillaxing mahol hona chahiye,chahiye,URD
Mera speaker reconnectify nahi ho raha,Mera,URD
Mera speaker reconnectify nahi ho raha,speaker,ENG
Mera speaker reconnectify nahi ho raha,reconnectify,MIX
Mera speaker reconnectify nahi ho raha,nahi,URD
Mera speaker reconnectify nahi ho raha,ho,URD
Mera speaker reconnectify nahi ho raha,raha,URD
Class cancellation notice aa gaya hai,Class,ENG
Class cancellation notice aa gaya hai,cancellation,MIX
Class cancellation notice aa gaya hai,notice,ENG
Class cancellation notice aa gaya hai,aa,URD
Class cancellation notice aa gaya hai,gaya,URD
Class cancellation notice aa gaya hai,hai,URD
Yeh filter bohot unnaturalish lag raha hai,Yeh,URD
Yeh filter bohot unnaturalish lag raha hai,filter,ENG
Yeh filter bohot unnaturalish lag raha hai,bohot,URD
Yeh filter bohot unnaturalish lag raha hai,unnaturalish,MIX
Yeh filter bohot unnaturalish lag raha hai,lag,URD
Yeh filter bohot unnaturalish lag raha hai,raha,URD
Yeh filter bohot unnaturalish lag raha hai,hai,URD
Project deadline extendedly push ho gayi,Project,ENG
Project deadline extendedly push ho gayi,deadline,ENG
Project deadline extendedly push ho gayi,extendedly,MIX
Project deadline extendedly push ho gayi,push,ENG
Project deadline extendedly push ho gayi,ho,URD
Project deadline extendedly push ho gayi,gayi,URD
Is post pe comments-ification ho rahi hai,Is,URD
Is post pe comments-ification ho rahi hai,post,ENG
Is post pe comments-ification ho rahi hai,pe,URD
Is post pe comments-ification ho rahi hai,comments-ification,MIX
Is post pe comments-ification ho rahi hai,ho,URD
Is post pe comments-ification ho rahi hai,rahi,URD
Is post pe comments-ification ho rahi hai,hai,URD
Sir ne test markify kar diya hai,Sir,URD
Sir ne test markify kar diya hai,ne,URD
Sir ne test markify kar diya hai,test,ENG
Sir ne test markify kar diya hai,markify,MIX
Sir ne test markify kar diya hai,kar,URD
Sir ne test markify kar diya hai,diya,URD
Sir ne test markify kar diya hai,hai,URD
